envio_id,venta_id,fecha_envio,proveedor_id,estado_envio
44,408128,2023-01-03 19:00:00,6,Cancelado
46,371951,2023-01-03 21:00:00,6,En tránsito
56,405775,2023-01-04 07:00:00,108,Entregado
83,429083,2023-01-05 10:00:00,66,Retrasado
85,293644,2023-01-05 12:00:00,108,Retrasado
197,447089,2023-01-10 04:00:00,6,Cancelado
203,284977,2023-01-10 10:00:00,133,En tránsito
271,274182,2023-01-13 06:00:00,6,Retrasado
274,58213,2023-01-13 09:00:00,108,En tránsito
340,448414,2023-01-16 03:00:00,66,Retrasado
375,193494,2023-01-17 14:00:00,6,Retrasado
458,181667,2023-01-21 01:00:00,6,Entregado
471,355974,2023-01-21 14:00:00,6,En tránsito
493,466874,2023-01-22 12:00:00,66,Entregado
533,197916,2023-01-24 04:00:00,133,En tránsito
672,146962,2023-01-29 23:00:00,6,Cancelado
696,432875,2023-01-30 23:00:00,108,Cancelado
704,85156,2023-01-31 07:00:00,6,En tránsito
745,199630,2023-02-02 00:00:00,133,Retrasado
761,178528,2023-02-02 16:00:00,66,Retrasado
774,67026,2023-02-03 05:00:00,108,En tránsito
826,108442,2023-02-05 09:00:00,66,En tránsito
840,211159,2023-02-05 23:00:00,133,Cancelado
863,225900,2023-02-06 22:00:00,133,Entregado
978,464034,2023-02-11 17:00:00,6,En tránsito
1190,493703,2023-02-20 13:00:00,6,En tránsito
1201,132743,2023-02-21 00:00:00,6,En tránsito
1245,300875,2023-02-22 20:00:00,133,En tránsito
1264,345587,2023-02-23 15:00:00,133,Cancelado
1265,62382,2023-02-23 16:00:00,108,Retrasado
1270,231991,2023-02-23 21:00:00,108,Entregado
1277,8790,2023-02-24 04:00:00,108,En tránsito
1368,243914,2023-02-27 23:00:00,108,En tránsito
1431,460617,2023-03-02 14:00:00,133,En tránsito
1452,469191,2023-03-03 11:00:00,108,Retrasado
1495,13289,2023-03-05 06:00:00,6,En tránsito
1499,364187,2023-03-05 10:00:00,6,Cancelado
1514,96533,2023-03-06 01:00:00,6,Cancelado
1539,471233,2023-03-07 02:00:00,66,Entregado
1799,252938,2023-03-17 22:00:00,108,Entregado
1856,291575,2023-03-20 07:00:00,133,Entregado
1865,285623,2023-03-20 16:00:00,108,En tránsito
1912,479080,2023-03-22 15:00:00,133,Cancelado
1916,360758,2023-03-22 19:00:00,133,En tránsito
1968,261132,2023-03-24 23:00:00,6,Retrasado
2204,458657,2023-04-03 19:00:00,108,Cancelado
2390,140235,2023-04-11 13:00:00,108,En tránsito
2456,102384,2023-04-14 07:00:00,6,Retrasado
2476,499527,2023-04-15 03:00:00,133,Entregado
2504,71364,2023-04-16 07:00:00,66,Entregado
2616,274578,2023-04-20 23:00:00,133,Retrasado
2684,290212,2023-04-23 19:00:00,108,En tránsito
2915,136511,2023-05-03 10:00:00,133,En tránsito
2932,255110,2023-05-04 03:00:00,108,Retrasado
2997,451405,2023-05-06 20:00:00,6,Entregado
3041,14065,2023-05-08 16:00:00,6,Cancelado
3048,374809,2023-05-08 23:00:00,6,Entregado
3101,434374,2023-05-11 04:00:00,108,Entregado
3204,339763,2023-05-15 11:00:00,108,En tránsito
3245,325260,2023-05-17 04:00:00,108,Cancelado
3356,11083,2023-05-21 19:00:00,133,Entregado
3390,102867,2023-05-23 05:00:00,66,Entregado
3623,377435,2023-06-01 22:00:00,66,En tránsito
3645,430322,2023-06-02 20:00:00,6,En tránsito
3677,339284,2023-06-04 04:00:00,66,Cancelado
3729,142799,2023-06-06 08:00:00,66,Cancelado
3732,369853,2023-06-06 11:00:00,66,Entregado
3835,187889,2023-06-10 18:00:00,6,Entregado
3887,327138,2023-06-12 22:00:00,6,En tránsito
3896,395061,2023-06-13 07:00:00,6,Retrasado
3899,123622,2023-06-13 10:00:00,108,Entregado
3917,244187,2023-06-14 04:00:00,66,Entregado
3972,217802,2023-06-16 11:00:00,133,Retrasado
3985,14402,2023-06-17 00:00:00,133,Entregado
4102,137154,2023-06-21 21:00:00,6,En tránsito
4143,328636,2023-06-23 14:00:00,108,Entregado
4157,244355,2023-06-24 04:00:00,133,Entregado
4209,168270,2023-06-26 08:00:00,133,En tránsito
4300,94605,2023-06-30 03:00:00,6,Entregado
4318,193013,2023-06-30 21:00:00,133,Retrasado
4367,55042,2023-07-02 22:00:00,133,Cancelado
4393,266038,2023-07-04 00:00:00,66,Retrasado
4416,69656,2023-07-04 23:00:00,6,En tránsito
4682,471731,2023-07-16 01:00:00,108,Cancelado
4729,7954,2023-07-18 00:00:00,66,Entregado
4895,94740,2023-07-24 22:00:00,66,Cancelado
4914,81033,2023-07-25 17:00:00,66,Retrasado
4943,358998,2023-07-26 22:00:00,66,En tránsito
5029,378704,2023-07-30 12:00:00,6,En tránsito
5088,294051,2023-08-01 23:00:00,133,En tránsito
5175,330303,2023-08-05 14:00:00,6,Entregado
5181,351243,2023-08-05 20:00:00,6,Retrasado
5275,275123,2023-08-09 18:00:00,6,Entregado
5284,379960,2023-08-10 03:00:00,66,Retrasado
5313,43099,2023-08-11 08:00:00,6,En tránsito
5326,368019,2023-08-11 21:00:00,108,Cancelado
5337,69364,2023-08-12 08:00:00,108,Entregado
5496,215790,2023-08-18 23:00:00,66,Entregado
5541,391400,2023-08-20 20:00:00,108,En tránsito
5552,22546,2023-08-21 07:00:00,133,Retrasado
5572,192418,2023-08-22 03:00:00,66,Retrasado
5578,361583,2023-08-22 09:00:00,108,Entregado
5580,88245,2023-08-22 11:00:00,6,Retrasado
5634,480643,2023-08-24 17:00:00,108,Entregado
5727,210272,2023-08-28 14:00:00,66,Retrasado
5782,403619,2023-08-30 21:00:00,66,En tránsito
5796,466380,2023-08-31 11:00:00,66,Entregado
5823,301650,2023-09-01 14:00:00,66,Cancelado
5876,190267,2023-09-03 19:00:00,133,Retrasado
5944,469471,2023-09-06 15:00:00,66,Cancelado
6066,361404,2023-09-11 17:00:00,133,En tránsito
6103,27758,2023-09-13 06:00:00,108,Retrasado
6150,298732,2023-09-15 05:00:00,108,Entregado
6179,143496,2023-09-16 10:00:00,6,En tránsito
6238,329062,2023-09-18 21:00:00,6,Retrasado
6279,274279,2023-09-20 14:00:00,133,Retrasado
6319,363854,2023-09-22 06:00:00,6,Entregado
6392,336686,2023-09-25 07:00:00,66,Cancelado
6448,485058,2023-09-27 15:00:00,133,Retrasado
6571,56939,2023-10-02 18:00:00,6,En tránsito
6623,7179,2023-10-04 22:00:00,108,Entregado
6732,304923,2023-10-09 11:00:00,6,Retrasado
6747,183053,2023-10-10 02:00:00,66,Retrasado
6779,115867,2023-10-11 10:00:00,133,En tránsito
6780,109231,2023-10-11 11:00:00,108,Entregado
6802,224437,2023-10-12 09:00:00,66,Retrasado
6830,411101,2023-10-13 13:00:00,66,Retrasado
6862,461971,2023-10-14 21:00:00,66,En tránsito
6944,446179,2023-10-18 07:00:00,133,Entregado
6986,405429,2023-10-20 01:00:00,108,En tránsito
7014,226515,2023-10-21 05:00:00,133,Cancelado
7161,345647,2023-10-27 08:00:00,66,En tránsito
7176,294477,2023-10-27 23:00:00,6,Cancelado
7204,111414,2023-10-29 03:00:00,108,Entregado
7255,436900,2023-10-31 06:00:00,108,En tránsito
7344,329759,2023-11-03 23:00:00,133,Cancelado
7347,95901,2023-11-04 02:00:00,133,Entregado
7380,23495,2023-11-05 11:00:00,108,En tránsito
7498,437235,2023-11-10 09:00:00,133,Retrasado
7604,440120,2023-11-14 19:00:00,108,Cancelado
7743,220072,2023-11-20 14:00:00,133,En tránsito
7769,402051,2023-11-21 16:00:00,133,Entregado
7944,299249,2023-11-28 23:00:00,108,Retrasado
7988,405162,2023-11-30 19:00:00,6,En tránsito
8202,332699,2023-12-09 17:00:00,6,Cancelado
8209,214971,2023-12-10 00:00:00,66,Entregado
8212,241943,2023-12-10 03:00:00,66,Retrasado
8216,218728,2023-12-10 07:00:00,66,En tránsito
8334,411140,2023-12-15 05:00:00,6,Retrasado
8390,434666,2023-12-17 13:00:00,6,En tránsito
8399,390309,2023-12-17 22:00:00,108,Retrasado
8460,443478,2023-12-20 11:00:00,6,Retrasado
8530,308722,2023-12-23 09:00:00,108,Cancelado
8548,284062,2023-12-24 03:00:00,6,Retrasado
8591,233201,2023-12-25 22:00:00,66,En tránsito
8757,42433,2024-01-01 20:00:00,6,Retrasado
8784,111939,2024-01-02 23:00:00,6,Entregado
8856,411776,2024-01-05 23:00:00,133,Entregado
8924,410716,2024-01-08 19:00:00,108,Retrasado
8954,398381,2024-01-10 01:00:00,108,Entregado
8993,202258,2024-01-11 16:00:00,6,En tránsito
8996,282672,2024-01-11 19:00:00,133,Entregado
9129,67728,2024-01-17 08:00:00,6,Cancelado
9174,6340,2024-01-19 05:00:00,108,Cancelado
9209,466421,2024-01-20 16:00:00,66,Entregado
9283,274307,2024-01-23 18:00:00,108,Cancelado
9299,291626,2024-01-24 10:00:00,66,En tránsito
9343,225912,2024-01-26 06:00:00,133,Retrasado
9373,436749,2024-01-27 12:00:00,133,Entregado
9381,291300,2024-01-27 20:00:00,108,En tránsito
9420,147792,2024-01-29 11:00:00,108,Retrasado
9502,228496,2024-02-01 21:00:00,66,Entregado
9550,322652,2024-02-03 21:00:00,66,Entregado
9583,128032,2024-02-05 06:00:00,108,Retrasado
9649,356743,2024-02-08 00:00:00,6,En tránsito
9662,81672,2024-02-08 13:00:00,66,En tránsito
9781,227895,2024-02-13 12:00:00,133,Cancelado
10002,412512,2024-02-22 17:00:00,108,Entregado
10092,418264,2024-02-26 11:00:00,66,En tránsito
10118,386045,2024-02-27 13:00:00,6,En tránsito
10329,1210,2024-03-07 08:00:00,6,Cancelado
10417,256620,2024-03-11 00:00:00,108,Cancelado
10546,40040,2024-03-16 09:00:00,133,En tránsito
10573,82806,2024-03-17 12:00:00,66,En tránsito
10663,367505,2024-03-21 06:00:00,66,En tránsito
10670,56268,2024-03-21 13:00:00,108,Retrasado
10689,440817,2024-03-22 08:00:00,133,Retrasado
10729,391310,2024-03-24 00:00:00,6,Retrasado
10730,419352,2024-03-24 01:00:00,6,Retrasado
10844,208064,2024-03-28 19:00:00,66,Cancelado
10859,182890,2024-03-29 10:00:00,108,Cancelado
10882,316103,2024-03-30 09:00:00,6,En tránsito
10885,474582,2024-03-30 12:00:00,6,Entregado
10948,254650,2024-04-02 03:00:00,133,Entregado
10964,474195,2024-04-02 19:00:00,133,Cancelado
11006,309189,2024-04-04 13:00:00,108,Cancelado
11100,108775,2024-04-08 11:00:00,108,Cancelado
11213,397788,2024-04-13 04:00:00,108,En tránsito
11246,172140,2024-04-14 13:00:00,6,Entregado
11421,431403,2024-04-21 20:00:00,66,Cancelado
11440,432811,2024-04-22 15:00:00,133,Entregado
11545,360234,2024-04-27 00:00:00,6,Cancelado
11633,28021,2024-04-30 16:00:00,6,En tránsito
11704,66705,2024-05-03 15:00:00,108,Entregado
11832,55099,2024-05-08 23:00:00,66,En tránsito
11917,11116,2024-05-12 12:00:00,66,Retrasado
11933,68466,2024-05-13 04:00:00,108,Retrasado
11943,271154,2024-05-13 14:00:00,66,Entregado
11956,177152,2024-05-14 03:00:00,133,Entregado
12041,273538,2024-05-17 16:00:00,6,En tránsito
12042,283451,2024-05-17 17:00:00,133,Entregado
12144,266897,2024-05-21 23:00:00,133,Cancelado
12246,459032,2024-05-26 05:00:00,6,En tránsito
12266,224786,2024-05-27 01:00:00,6,En tránsito
12367,412703,2024-05-31 06:00:00,108,Entregado
12392,300443,2024-06-01 07:00:00,66,Retrasado
12454,364580,2024-06-03 21:00:00,6,Entregado
12461,188973,2024-06-04 04:00:00,108,En tránsito
12545,29177,2024-06-07 16:00:00,108,Retrasado
12549,483621,2024-06-07 20:00:00,66,En tránsito
12561,313584,2024-06-08 08:00:00,6,Cancelado
12632,45359,2024-06-11 07:00:00,6,En tránsito
12676,7977,2024-06-13 03:00:00,66,Cancelado
12715,435385,2024-06-14 18:00:00,108,Cancelado
12802,118835,2024-06-18 09:00:00,133,Retrasado
12875,403717,2024-06-21 10:00:00,6,Retrasado
12876,51589,2024-06-21 11:00:00,66,Retrasado
12916,449799,2024-06-23 03:00:00,6,Entregado
12924,259543,2024-06-23 11:00:00,66,En tránsito
12961,52279,2024-06-25 00:00:00,66,Cancelado
13049,329438,2024-06-28 16:00:00,6,Retrasado
13115,260062,2024-07-01 10:00:00,6,Entregado
13141,89533,2024-07-02 12:00:00,108,Retrasado
13159,459739,2024-07-03 06:00:00,6,En tránsito
13182,358887,2024-07-04 05:00:00,6,Cancelado
13300,461722,2024-07-09 03:00:00,6,Cancelado
13311,487237,2024-07-09 14:00:00,6,Entregado
13338,79532,2024-07-10 17:00:00,6,Retrasado
13401,477965,2024-07-13 08:00:00,6,Entregado
13417,357349,2024-07-14 00:00:00,108,Retrasado
13534,120949,2024-07-18 21:00:00,133,En tránsito
13545,179238,2024-07-19 08:00:00,6,Cancelado
13573,333713,2024-07-20 12:00:00,108,En tránsito
13658,251368,2024-07-24 01:00:00,6,Entregado
13686,497537,2024-07-25 05:00:00,108,Cancelado
13702,58060,2024-07-25 21:00:00,6,Entregado
13733,492764,2024-07-27 04:00:00,6,Entregado
13741,276482,2024-07-27 12:00:00,66,Retrasado
13742,408949,2024-07-27 13:00:00,66,Entregado
13749,160445,2024-07-27 20:00:00,66,En tránsito
13760,215083,2024-07-28 07:00:00,133,Cancelado
13825,234539,2024-07-31 00:00:00,66,Cancelado
13938,129176,2024-08-04 17:00:00,6,Entregado
13946,203279,2024-08-05 01:00:00,133,Entregado
14022,159158,2024-08-08 05:00:00,133,En tránsito
14128,260504,2024-08-12 15:00:00,6,Cancelado
14185,430084,2024-08-15 00:00:00,133,En tránsito
14194,132230,2024-08-15 09:00:00,133,En tránsito
14399,415729,2024-08-23 22:00:00,66,Cancelado
14402,223561,2024-08-24 01:00:00,108,Entregado
14445,439102,2024-08-25 20:00:00,133,Entregado
14519,168138,2024-08-28 22:00:00,108,Entregado
14529,34496,2024-08-29 08:00:00,6,Cancelado
14558,454057,2024-08-30 13:00:00,133,En tránsito
14631,436694,2024-09-02 14:00:00,66,Retrasado
14688,51975,2024-09-04 23:00:00,66,En tránsito
14699,355761,2024-09-05 10:00:00,66,En tránsito
14718,6112,2024-09-06 05:00:00,133,En tránsito
14787,124417,2024-09-09 02:00:00,66,En tránsito
14813,397146,2024-09-10 04:00:00,108,Retrasado
14823,142390,2024-09-10 14:00:00,6,Cancelado
14866,235939,2024-09-12 09:00:00,66,Cancelado
14953,469002,2024-09-16 00:00:00,6,Retrasado
15144,426179,2024-09-23 23:00:00,66,Retrasado
15216,82560,2024-09-26 23:00:00,133,Cancelado
15220,92395,2024-09-27 03:00:00,108,Cancelado
15239,384018,2024-09-27 22:00:00,133,Retrasado
15267,279802,2024-09-29 02:00:00,108,Cancelado
15290,201965,2024-09-30 01:00:00,133,En tránsito
15315,367884,2024-10-01 02:00:00,6,Retrasado
15324,455403,2024-10-01 11:00:00,6,Cancelado
15330,39052,2024-10-01 17:00:00,6,Entregado
15469,228960,2024-10-07 12:00:00,133,Retrasado
15507,229489,2024-10-09 02:00:00,66,Entregado
15548,333203,2024-10-10 19:00:00,133,Cancelado
15557,359200,2024-10-11 04:00:00,108,En tránsito
15562,54309,2024-10-11 09:00:00,6,Cancelado
15609,487129,2024-10-13 08:00:00,66,Entregado
15639,235545,2024-10-14 14:00:00,66,En tránsito
15653,172353,2024-10-15 04:00:00,66,Retrasado
15707,373081,2024-10-17 10:00:00,133,Cancelado
15709,446595,2024-10-17 12:00:00,133,Cancelado
15880,427857,2024-10-24 15:00:00,6,Cancelado
15906,139163,2024-10-25 17:00:00,6,Retrasado
15914,210712,2024-10-26 01:00:00,6,Entregado
15938,282896,2024-10-27 01:00:00,133,Entregado
15951,386505,2024-10-27 14:00:00,108,Entregado
15954,10626,2024-10-27 17:00:00,6,Retrasado
15970,300149,2024-10-28 09:00:00,108,Cancelado
16074,453162,2024-11-01 17:00:00,66,En tránsito
16098,492611,2024-11-02 17:00:00,108,Entregado
16114,451185,2024-11-03 09:00:00,6,Cancelado
16208,307233,2024-11-07 07:00:00,6,Entregado
16221,52820,2024-11-07 20:00:00,108,Retrasado
16262,401494,2024-11-09 13:00:00,6,En tránsito
16313,358582,2024-11-11 16:00:00,133,Entregado
16422,463655,2024-11-16 05:00:00,108,Entregado
16562,468003,2024-11-22 01:00:00,6,En tránsito
16602,108378,2024-11-23 17:00:00,66,En tránsito
16776,111744,2024-11-30 23:00:00,133,En tránsito
16777,308981,2024-12-01 00:00:00,133,Retrasado
16821,446705,2024-12-02 20:00:00,108,Cancelado
16844,439480,2024-12-03 19:00:00,6,Cancelado
16970,247154,2024-12-09 01:00:00,66,Retrasado
17045,322594,2024-12-12 04:00:00,66,Cancelado
17133,151212,2024-12-15 20:00:00,133,Retrasado
17135,21959,2024-12-15 22:00:00,108,Retrasado
17195,204442,2024-12-18 10:00:00,108,Entregado
17213,486375,2024-12-19 04:00:00,108,Entregado
17267,74809,2024-12-21 10:00:00,6,Retrasado
17369,33450,2024-12-25 16:00:00,108,Entregado
17443,204286,2024-12-28 18:00:00,133,Entregado
17493,341316,2024-12-30 20:00:00,66,Entregado
17530,259981,2025-01-01 09:00:00,6,Entregado
17535,215657,2025-01-01 14:00:00,133,Entregado
17684,335441,2025-01-07 19:00:00,66,En tránsito
17697,299969,2025-01-08 08:00:00,108,Cancelado
17728,452556,2025-01-09 15:00:00,6,Cancelado
17764,114730,2025-01-11 03:00:00,108,Retrasado
17882,454440,2025-01-16 01:00:00,108,Retrasado
17929,478762,2025-01-18 00:00:00,6,Entregado
17933,256396,2025-01-18 04:00:00,66,Cancelado
17964,301813,2025-01-19 11:00:00,108,Retrasado
17966,469441,2025-01-19 13:00:00,133,Entregado
17984,94767,2025-01-20 07:00:00,6,Retrasado
17989,14013,2025-01-20 12:00:00,66,Cancelado
18029,201244,2025-01-22 04:00:00,108,Cancelado
18037,439204,2025-01-22 12:00:00,6,En tránsito
18050,452746,2025-01-23 01:00:00,6,Entregado
18064,309034,2025-01-23 15:00:00,66,Retrasado
18115,417250,2025-01-25 18:00:00,108,Entregado
18153,354892,2025-01-27 08:00:00,133,En tránsito
18178,443395,2025-01-28 09:00:00,6,Retrasado
18209,259837,2025-01-29 16:00:00,6,Entregado
18220,249431,2025-01-30 03:00:00,133,Retrasado
18248,224162,2025-01-31 07:00:00,108,Retrasado
18282,180848,2025-02-01 17:00:00,6,Cancelado
18292,344875,2025-02-02 03:00:00,6,Retrasado
18300,447116,2025-02-02 11:00:00,6,En tránsito
18328,174182,2025-02-03 15:00:00,66,Entregado
18366,256958,2025-02-05 05:00:00,66,Entregado
18384,6866,2025-02-05 23:00:00,6,Retrasado
18399,361296,2025-02-06 14:00:00,6,En tránsito
18481,170394,2025-02-10 00:00:00,133,Entregado
18486,134,2025-02-10 05:00:00,66,En tránsito
18489,484646,2025-02-10 08:00:00,66,Entregado
18491,423402,2025-02-10 10:00:00,66,Entregado
18562,63521,2025-02-13 09:00:00,133,Retrasado
18582,212055,2025-02-14 05:00:00,66,En tránsito
18621,244650,2025-02-15 20:00:00,66,Entregado
18623,166686,2025-02-15 22:00:00,133,Cancelado
18625,357145,2025-02-16 00:00:00,66,Entregado
18754,66788,2025-02-21 09:00:00,108,Entregado
18758,469828,2025-02-21 13:00:00,133,Cancelado
18897,386148,2025-02-27 08:00:00,133,Cancelado
19010,13914,2025-03-04 01:00:00,108,En tránsito
19028,285091,2025-03-04 19:00:00,6,Cancelado
19093,97769,2025-03-07 12:00:00,6,Cancelado
19145,67516,2025-03-09 16:00:00,108,Cancelado
19170,471702,2025-03-10 17:00:00,133,Entregado
19172,378397,2025-03-10 19:00:00,133,Entregado
19224,69734,2025-03-12 23:00:00,108,Retrasado
19537,267372,2025-03-26 00:00:00,6,Cancelado
19572,68439,2025-03-27 11:00:00,66,Entregado
19708,134223,2025-04-02 03:00:00,6,Cancelado
19834,394738,2025-04-07 09:00:00,108,Cancelado
19904,71353,2025-04-10 07:00:00,6,En tránsito
19930,465377,2025-04-11 09:00:00,66,En tránsito
19957,412239,2025-04-12 12:00:00,6,Entregado
19977,277707,2025-04-13 08:00:00,6,Retrasado
20018,369997,2025-04-15 01:00:00,133,Entregado
20123,91405,2025-04-19 10:00:00,66,Cancelado
20159,115646,2025-04-20 22:00:00,133,En tránsito
20215,78862,2025-04-23 06:00:00,6,Entregado
20238,475623,2025-04-24 05:00:00,6,Entregado
20250,128633,2025-04-24 17:00:00,6,Cancelado
20253,494407,2025-04-24 20:00:00,66,En tránsito
20257,232386,2025-04-25 00:00:00,133,En tránsito
20527,56879,2025-05-06 06:00:00,133,Cancelado
20546,380536,2025-05-07 01:00:00,133,Entregado
20549,222873,2025-05-07 04:00:00,133,Retrasado
20584,368561,2025-05-08 15:00:00,133,Entregado
20705,88627,2025-05-13 16:00:00,108,Cancelado
20767,474911,2025-05-16 06:00:00,6,Entregado
20774,281402,2025-05-16 13:00:00,108,Entregado
20889,245277,2025-05-21 08:00:00,6,Entregado
20916,227770,2025-05-22 11:00:00,6,Entregado
21012,224277,2025-05-26 11:00:00,108,Entregado
21031,90028,2025-05-27 06:00:00,66,En tránsito
21093,17650,2025-05-29 20:00:00,133,Entregado
21094,335359,2025-05-29 21:00:00,108,Entregado
21108,161985,2025-05-30 11:00:00,108,Retrasado
21125,105318,2025-05-31 04:00:00,108,En tránsito
21189,209787,2025-06-02 20:00:00,66,Entregado
21250,109179,2025-06-05 09:00:00,66,Retrasado
21403,463065,2025-06-11 18:00:00,108,Retrasado
21411,49227,2025-06-12 02:00:00,133,Retrasado
21543,354781,2025-06-17 14:00:00,133,En tránsito
21648,204175,2025-06-21 23:00:00,108,Entregado
21678,374769,2025-06-23 05:00:00,66,Cancelado
21692,123929,2025-06-23 19:00:00,66,Entregado
21760,462291,2025-06-26 15:00:00,108,Retrasado
21769,300723,2025-06-27 00:00:00,66,Entregado
21798,15493,2025-06-28 05:00:00,108,Cancelado
21811,395264,2025-06-28 18:00:00,6,Entregado
21825,149237,2025-06-29 08:00:00,108,Cancelado
21930,143568,2025-07-03 17:00:00,108,En tránsito
21950,340128,2025-07-04 13:00:00,108,Cancelado
22111,121845,2025-07-11 06:00:00,66,Cancelado
22252,410789,2025-07-17 03:00:00,133,Retrasado
22254,126281,2025-07-17 05:00:00,108,Retrasado
22333,12875,2025-07-20 12:00:00,108,En tránsito
22351,152523,2025-07-21 06:00:00,66,Entregado
22369,475481,2025-07-22 00:00:00,6,Entregado
22433,50175,2025-07-24 16:00:00,6,Entregado
22472,184195,2025-07-26 07:00:00,108,Retrasado
22531,32293,2025-07-28 18:00:00,108,En tránsito
22540,67327,2025-07-29 03:00:00,6,Cancelado
22613,339431,2025-08-01 04:00:00,66,Retrasado
22630,247670,2025-08-01 21:00:00,133,Retrasado
22677,358633,2025-08-03 20:00:00,108,Retrasado
22736,412756,2025-08-06 07:00:00,108,Cancelado
22743,397560,2025-08-06 14:00:00,133,En tránsito
22757,413510,2025-08-07 04:00:00,108,En tránsito
22795,480208,2025-08-08 18:00:00,66,En tránsito
22885,156000,2025-08-12 12:00:00,108,Cancelado
22989,473596,2025-08-16 20:00:00,6,Entregado
23001,34836,2025-08-17 08:00:00,66,Entregado
23040,24406,2025-08-18 23:00:00,6,Entregado
23052,279458,2025-08-19 11:00:00,6,En tránsito
23209,92745,2025-08-26 00:00:00,6,Cancelado
23211,471994,2025-08-26 02:00:00,108,Cancelado
23212,374086,2025-08-26 03:00:00,108,Entregado
23272,278960,2025-08-28 15:00:00,6,En tránsito
23316,164257,2025-08-30 11:00:00,6,En tránsito
23385,86182,2025-09-02 08:00:00,133,Entregado
23408,137248,2025-09-03 07:00:00,66,Entregado
23414,184490,2025-09-03 13:00:00,133,Retrasado
23423,460402,2025-09-03 22:00:00,133,Cancelado
23476,407984,2025-09-06 03:00:00,66,Entregado
23561,490981,2025-09-09 16:00:00,66,Retrasado
23591,44623,2025-09-10 22:00:00,66,Cancelado
23599,485950,2025-09-11 06:00:00,108,Entregado
23614,246517,2025-09-11 21:00:00,108,Cancelado
23664,294166,2025-09-13 23:00:00,66,Retrasado
23731,386356,2025-09-16 18:00:00,108,En tránsito
23742,245496,2025-09-17 05:00:00,108,Cancelado
23820,115783,2025-09-20 11:00:00,6,Retrasado
23839,444203,2025-09-21 06:00:00,133,Entregado
23879,182881,2025-09-22 22:00:00,108,Retrasado
23902,156472,2025-09-23 21:00:00,6,En tránsito
23911,416105,2025-09-24 06:00:00,133,En tránsito
23936,207323,2025-09-25 07:00:00,66,Entregado
23967,94456,2025-09-26 14:00:00,108,En tránsito
24018,240107,2025-09-28 17:00:00,66,Entregado
24105,3750,2025-10-02 08:00:00,133,Entregado
24110,312901,2025-10-02 13:00:00,6,Cancelado
24147,283480,2025-10-04 02:00:00,66,Entregado
24152,123174,2025-10-04 07:00:00,6,Retrasado
24321,279747,2025-10-11 08:00:00,133,Cancelado
24322,58502,2025-10-11 09:00:00,133,Cancelado
24348,319453,2025-10-12 11:00:00,133,Retrasado
24351,420513,2025-10-12 14:00:00,133,En tránsito
24358,119140,2025-10-12 21:00:00,108,Retrasado
24424,231325,2025-10-15 15:00:00,6,En tránsito
24477,393836,2025-10-17 20:00:00,108,Cancelado
24482,352407,2025-10-18 01:00:00,108,Entregado
24504,160553,2025-10-18 23:00:00,133,Cancelado
24541,255766,2025-10-20 12:00:00,6,Retrasado
24670,308314,2025-10-25 21:00:00,66,En tránsito
24723,395920,2025-10-28 02:00:00,133,En tránsito
24764,183701,2025-10-29 19:00:00,6,Retrasado
24798,6439,2025-10-31 05:00:00,133,En tránsito
24870,320347,2025-11-03 05:00:00,108,En tránsito
24954,196701,2025-11-06 17:00:00,6,Entregado
25017,392163,2025-11-09 08:00:00,108,Retrasado
25095,160355,2025-11-12 14:00:00,6,Retrasado
25104,71441,2025-11-12 23:00:00,66,Entregado
25131,107599,2025-11-14 02:00:00,133,En tránsito
25200,166551,2025-11-16 23:00:00,108,Retrasado
25221,61951,2025-11-17 20:00:00,108,Cancelado
25245,38431,2025-11-18 20:00:00,6,Entregado
25255,432896,2025-11-19 06:00:00,66,Entregado
25268,486406,2025-11-19 19:00:00,108,Entregado
25278,256432,2025-11-20 05:00:00,6,Entregado
25280,283838,2025-11-20 07:00:00,133,En tránsito
25323,100752,2025-11-22 02:00:00,66,Entregado
25408,245764,2025-11-25 15:00:00,66,Retrasado
25444,185212,2025-11-27 03:00:00,6,Entregado
25523,248672,2025-11-30 10:00:00,66,Retrasado
25616,61957,2025-12-04 07:00:00,108,Retrasado
25619,197579,2025-12-04 10:00:00,6,Retrasado
25703,196975,2025-12-07 22:00:00,108,Entregado
25730,114741,2025-12-09 01:00:00,6,En tránsito
25937,9944,2025-12-17 16:00:00,6,En tránsito
26009,459414,2025-12-20 16:00:00,66,Cancelado
26050,330667,2025-12-22 09:00:00,66,Entregado
26084,480824,2025-12-23 19:00:00,108,Cancelado
26166,271629,2025-12-27 05:00:00,66,Entregado
26170,332258,2025-12-27 09:00:00,133,Retrasado
26435,236388,2026-01-07 10:00:00,66,Cancelado
26472,15197,2026-01-08 23:00:00,66,Retrasado
26500,237005,2026-01-10 03:00:00,133,Entregado
26502,399429,2026-01-10 05:00:00,133,Entregado
26738,216097,2026-01-20 01:00:00,66,Entregado
26758,414923,2026-01-20 21:00:00,6,Cancelado
26799,222438,2026-01-22 14:00:00,6,En tránsito
26926,384590,2026-01-27 21:00:00,6,Retrasado
26947,474226,2026-01-28 18:00:00,133,Entregado
26950,431477,2026-01-28 21:00:00,66,Cancelado
27019,16611,2026-01-31 18:00:00,6,En tránsito
27218,246242,2026-02-09 01:00:00,66,Cancelado
27340,357016,2026-02-14 03:00:00,108,En tránsito
27407,423058,2026-02-16 22:00:00,66,Entregado
27440,496412,2026-02-18 07:00:00,66,En tránsito
27482,37149,2026-02-20 01:00:00,108,Entregado
27490,202004,2026-02-20 09:00:00,6,Entregado
27538,30202,2026-02-22 09:00:00,133,Cancelado
27613,266381,2026-02-25 12:00:00,66,Cancelado
27661,364490,2026-02-27 12:00:00,133,Cancelado
27664,6287,2026-02-27 15:00:00,133,Entregado
27703,247255,2026-03-01 06:00:00,6,Entregado
27726,350053,2026-03-02 05:00:00,66,Cancelado
27905,360378,2026-03-09 16:00:00,108,Entregado
27977,36554,2026-03-12 16:00:00,108,En tránsito
28008,357542,2026-03-13 23:00:00,6,Cancelado
28022,390131,2026-03-14 13:00:00,66,Cancelado
28031,305040,2026-03-14 22:00:00,133,Cancelado
28291,123658,2026-03-25 18:00:00,133,Retrasado
28390,59751,2026-03-29 21:00:00,6,Cancelado
28397,399512,2026-03-30 04:00:00,133,Cancelado
28495,307791,2026-04-03 06:00:00,66,Entregado
28543,34031,2026-04-05 06:00:00,6,Retrasado
28680,57961,2026-04-10 23:00:00,133,En tránsito
28729,285513,2026-04-13 00:00:00,108,Cancelado
28731,325769,2026-04-13 02:00:00,133,Entregado
28736,461628,2026-04-13 07:00:00,6,Retrasado
28743,310387,2026-04-13 14:00:00,133,En tránsito
28762,155240,2026-04-14 09:00:00,133,En tránsito
28770,337731,2026-04-14 17:00:00,6,Retrasado
28844,466869,2026-04-17 19:00:00,108,Entregado
28862,414368,2026-04-18 13:00:00,108,Entregado
28871,76649,2026-04-18 22:00:00,6,Retrasado
28922,33950,2026-04-21 01:00:00,6,Cancelado
28933,42783,2026-04-21 12:00:00,66,Retrasado
28977,258515,2026-04-23 08:00:00,108,Entregado
28982,125916,2026-04-23 13:00:00,6,En tránsito
29024,153082,2026-04-25 07:00:00,133,En tránsito
29048,278220,2026-04-26 07:00:00,108,Entregado
29111,25459,2026-04-28 22:00:00,6,Retrasado
29191,146605,2026-05-02 06:00:00,108,En tránsito
29208,443402,2026-05-02 23:00:00,108,Retrasado
29224,281020,2026-05-03 15:00:00,133,En tránsito
29228,206006,2026-05-03 19:00:00,6,Retrasado
29331,13652,2026-05-08 02:00:00,133,Entregado
29373,43803,2026-05-09 20:00:00,108,Entregado
29397,133061,2026-05-10 20:00:00,108,En tránsito
29520,478632,2026-05-15 23:00:00,133,Entregado
29528,429677,2026-05-16 07:00:00,6,Cancelado
29575,481682,2026-05-18 06:00:00,6,Entregado
29747,387327,2026-05-25 10:00:00,66,Cancelado
29765,404978,2026-05-26 04:00:00,133,Retrasado
29784,407148,2026-05-26 23:00:00,133,Entregado
29922,239972,2026-06-01 17:00:00,133,En tránsito
30024,144648,2026-06-05 23:00:00,108,Retrasado
30029,385728,2026-06-06 04:00:00,6,En tránsito
30060,90217,2026-06-07 11:00:00,108,Cancelado
30096,391281,2026-06-08 23:00:00,108,Cancelado
30140,294147,2026-06-10 19:00:00,108,Retrasado
30142,156130,2026-06-10 21:00:00,108,En tránsito
30189,247535,2026-06-12 20:00:00,108,Entregado
30208,239824,2026-06-13 15:00:00,133,Cancelado
30292,205656,2026-06-17 03:00:00,66,En tránsito
30295,10616,2026-06-17 06:00:00,66,Retrasado
30314,9454,2026-06-18 01:00:00,6,Retrasado
30455,86083,2026-06-23 22:00:00,133,Retrasado
30503,285231,2026-06-25 22:00:00,133,Cancelado
30520,43786,2026-06-26 15:00:00,133,En tránsito
30647,130777,2026-07-01 22:00:00,66,Retrasado
30820,212522,2026-07-09 03:00:00,66,Entregado
30823,387118,2026-07-09 06:00:00,133,Entregado
30897,24138,2026-07-12 08:00:00,133,Retrasado
30973,462515,2026-07-15 12:00:00,133,Retrasado
31138,251064,2026-07-22 09:00:00,6,Cancelado
31139,473256,2026-07-22 10:00:00,133,Retrasado
31187,433092,2026-07-24 10:00:00,6,Cancelado
31206,76168,2026-07-25 05:00:00,133,En tránsito
31319,381633,2026-07-29 22:00:00,66,Entregado
31366,238873,2026-07-31 21:00:00,6,Retrasado
31434,444495,2026-08-03 17:00:00,108,Cancelado
31450,484378,2026-08-04 09:00:00,6,En tránsito
31452,451878,2026-08-04 11:00:00,133,Retrasado
31475,45855,2026-08-05 10:00:00,6,En tránsito
31571,210084,2026-08-09 10:00:00,133,Retrasado
31641,238501,2026-08-12 08:00:00,108,Entregado
31652,336643,2026-08-12 19:00:00,108,Retrasado
31711,383066,2026-08-15 06:00:00,66,En tránsito
31717,378085,2026-08-15 12:00:00,66,Cancelado
31720,214110,2026-08-15 15:00:00,66,Retrasado
31748,442670,2026-08-16 19:00:00,133,Retrasado
31776,275172,2026-08-17 23:00:00,66,Retrasado
31837,204338,2026-08-20 12:00:00,133,Cancelado
31879,100452,2026-08-22 06:00:00,6,En tránsito
31886,105038,2026-08-22 13:00:00,6,Cancelado
31900,458381,2026-08-23 03:00:00,133,En tránsito
31947,361026,2026-08-25 02:00:00,66,Entregado
31998,468343,2026-08-27 05:00:00,6,Cancelado
32034,19975,2026-08-28 17:00:00,108,Entregado
32084,272444,2026-08-30 19:00:00,6,Entregado
32130,291439,2026-09-01 17:00:00,66,Retrasado
32269,48777,2026-09-07 12:00:00,6,Retrasado
32411,223207,2026-09-13 10:00:00,6,Cancelado
32486,375501,2026-09-16 13:00:00,6,En tránsito
32615,68987,2026-09-21 22:00:00,6,En tránsito
32641,205242,2026-09-23 00:00:00,133,En tránsito
32710,72637,2026-09-25 21:00:00,6,Entregado
32734,42250,2026-09-26 21:00:00,6,Retrasado
32740,423011,2026-09-27 03:00:00,108,En tránsito
32796,59182,2026-09-29 11:00:00,66,Entregado
32809,322655,2026-09-30 00:00:00,133,En tránsito
32917,300009,2026-10-04 12:00:00,66,Retrasado
33014,306444,2026-10-08 13:00:00,6,Cancelado
33334,360054,2026-10-21 21:00:00,66,Cancelado
33384,66238,2026-10-23 23:00:00,6,Cancelado
33388,105380,2026-10-24 03:00:00,108,Entregado
33439,43648,2026-10-26 06:00:00,108,Entregado
33525,206178,2026-10-29 20:00:00,66,Cancelado
33526,290162,2026-10-29 21:00:00,108,Cancelado
33636,67786,2026-11-03 11:00:00,66,Cancelado
33701,258508,2026-11-06 04:00:00,108,Entregado
33741,150384,2026-11-07 20:00:00,133,En tránsito
33816,40816,2026-11-10 23:00:00,108,Retrasado
33988,135215,2026-11-18 03:00:00,66,Entregado
33990,315563,2026-11-18 05:00:00,108,En tránsito
34002,132284,2026-11-18 17:00:00,6,En tránsito
34082,499657,2026-11-22 01:00:00,108,Entregado
34176,83269,2026-11-25 23:00:00,133,Retrasado
34199,146126,2026-11-26 22:00:00,133,Cancelado
34201,490650,2026-11-27 00:00:00,66,En tránsito
34240,303462,2026-11-28 15:00:00,133,Retrasado
34450,497893,2026-12-07 09:00:00,108,Cancelado
34526,92730,2026-12-10 13:00:00,108,Retrasado
34625,2731,2026-12-14 16:00:00,133,Retrasado
34644,496000,2026-12-15 11:00:00,108,En tránsito
34946,264052,2026-12-28 01:00:00,108,En tránsito
34962,323975,2026-12-28 17:00:00,108,Entregado
35002,127644,2026-12-30 09:00:00,6,Retrasado
35009,227756,2026-12-30 16:00:00,66,Retrasado
35020,472245,2026-12-31 03:00:00,108,En tránsito
35027,86068,2026-12-31 10:00:00,108,Cancelado
35032,372720,2026-12-31 15:00:00,66,En tránsito
35073,279058,2027-01-02 08:00:00,6,Retrasado
35090,278218,2027-01-03 01:00:00,133,Entregado
35113,229534,2027-01-04 00:00:00,6,Entregado
35118,385526,2027-01-04 05:00:00,6,Retrasado
35130,172537,2027-01-04 17:00:00,108,En tránsito
35144,429690,2027-01-05 07:00:00,6,Retrasado
35179,482329,2027-01-06 18:00:00,133,Retrasado
35307,404887,2027-01-12 02:00:00,108,Entregado
35326,168357,2027-01-12 21:00:00,108,En tránsito
35397,134914,2027-01-15 20:00:00,108,Retrasado
35461,442332,2027-01-18 12:00:00,108,En tránsito
35503,306251,2027-01-20 06:00:00,108,En tránsito
35581,480383,2027-01-23 12:00:00,133,Entregado
35627,244915,2027-01-25 10:00:00,66,Cancelado
35669,37428,2027-01-27 04:00:00,108,En tránsito
35719,410152,2027-01-29 06:00:00,66,Retrasado
35844,215635,2027-02-03 11:00:00,133,En tránsito
35899,249614,2027-02-05 18:00:00,133,Cancelado
35979,155592,2027-02-09 02:00:00,6,En tránsito
36039,119890,2027-02-11 14:00:00,66,Entregado
36056,414954,2027-02-12 07:00:00,133,Entregado
36092,260236,2027-02-13 19:00:00,6,Cancelado
36331,11405,2027-02-23 18:00:00,66,En tránsito
36419,304750,2027-02-27 10:00:00,6,En tránsito
36476,430827,2027-03-01 19:00:00,108,Entregado
36488,74249,2027-03-02 07:00:00,66,Entregado
36501,209511,2027-03-02 20:00:00,133,Cancelado
36698,382295,2027-03-11 01:00:00,6,En tránsito
36734,44761,2027-03-12 13:00:00,6,Entregado
36755,55450,2027-03-13 10:00:00,66,En tránsito
36834,138380,2027-03-16 17:00:00,6,Cancelado
36881,183961,2027-03-18 16:00:00,66,En tránsito
37023,214274,2027-03-24 14:00:00,108,Retrasado
37215,386396,2027-04-01 14:00:00,108,En tránsito
37247,317345,2027-04-02 22:00:00,6,En tránsito
37381,106285,2027-04-08 12:00:00,108,Retrasado
37472,211340,2027-04-12 07:00:00,6,En tránsito
37494,188907,2027-04-13 05:00:00,133,En tránsito
37536,369753,2027-04-14 23:00:00,66,Retrasado
37543,121202,2027-04-15 06:00:00,66,Cancelado
37549,293919,2027-04-15 12:00:00,133,En tránsito
37558,227565,2027-04-15 21:00:00,66,Cancelado
37611,58173,2027-04-18 02:00:00,6,Entregado
37636,432987,2027-04-19 03:00:00,6,Entregado
37693,29661,2027-04-21 12:00:00,108,Cancelado
37896,440979,2027-04-29 23:00:00,108,En tránsito
37931,487808,2027-05-01 10:00:00,108,En tránsito
37997,124898,2027-05-04 04:00:00,108,Retrasado
38082,215906,2027-05-07 17:00:00,108,Entregado
38370,92988,2027-05-19 17:00:00,133,Retrasado
38406,236902,2027-05-21 05:00:00,108,En tránsito
38439,416416,2027-05-22 14:00:00,108,Cancelado
38447,255745,2027-05-22 22:00:00,6,Entregado
38460,194555,2027-05-23 11:00:00,108,En tránsito
38465,361364,2027-05-23 16:00:00,108,Cancelado
38473,43668,2027-05-24 00:00:00,6,Cancelado
38520,439315,2027-05-25 23:00:00,108,Retrasado
38549,181035,2027-05-27 04:00:00,6,Cancelado
38558,39248,2027-05-27 13:00:00,66,Entregado
38574,195066,2027-05-28 05:00:00,66,Retrasado
38579,395129,2027-05-28 10:00:00,133,Entregado
38585,367209,2027-05-28 16:00:00,133,Cancelado
38730,496193,2027-06-03 17:00:00,108,Retrasado
38736,45310,2027-06-03 23:00:00,133,Entregado
38830,77785,2027-06-07 21:00:00,133,Entregado
38843,294169,2027-06-08 10:00:00,133,En tránsito
38905,241713,2027-06-11 00:00:00,133,Cancelado
38922,261998,2027-06-11 17:00:00,66,Cancelado
39006,179067,2027-06-15 05:00:00,108,Entregado
39053,315010,2027-06-17 04:00:00,108,En tránsito
39157,279867,2027-06-21 12:00:00,133,Cancelado
39232,224469,2027-06-24 15:00:00,66,En tránsito
39268,397479,2027-06-26 03:00:00,133,Retrasado
39273,238314,2027-06-26 08:00:00,133,Entregado
39340,98698,2027-06-29 03:00:00,66,En tránsito
39390,483784,2027-07-01 05:00:00,133,En tránsito
39405,54767,2027-07-01 20:00:00,133,Cancelado
39477,302011,2027-07-04 20:00:00,66,Retrasado
39480,45920,2027-07-04 23:00:00,133,Entregado
39486,427394,2027-07-05 05:00:00,66,En tránsito
39533,252876,2027-07-07 04:00:00,6,Retrasado
39539,195807,2027-07-07 10:00:00,133,En tránsito
39675,346458,2027-07-13 02:00:00,66,Cancelado
39701,154769,2027-07-14 04:00:00,108,Retrasado
39756,312095,2027-07-16 11:00:00,6,En tránsito
39763,468671,2027-07-16 18:00:00,108,En tránsito
39771,365135,2027-07-17 02:00:00,108,Cancelado
39806,293841,2027-07-18 13:00:00,108,Entregado
39845,390795,2027-07-20 04:00:00,133,Cancelado
39970,185374,2027-07-25 09:00:00,108,En tránsito
40001,80680,2027-07-26 16:00:00,66,Cancelado
40079,332049,2027-07-29 22:00:00,108,Cancelado
40101,248554,2027-07-30 20:00:00,66,Cancelado
40128,149882,2027-07-31 23:00:00,66,Retrasado
40179,416037,2027-08-03 02:00:00,6,Entregado
40204,315898,2027-08-04 03:00:00,66,Cancelado
40229,405706,2027-08-05 04:00:00,66,Cancelado
40313,162514,2027-08-08 16:00:00,108,En tránsito
40426,59987,2027-08-13 09:00:00,133,En tránsito
40470,174963,2027-08-15 05:00:00,6,Cancelado
40478,146660,2027-08-15 13:00:00,66,Cancelado
40495,400774,2027-08-16 06:00:00,133,En tránsito
40513,382067,2027-08-17 00:00:00,66,Entregado
40521,96310,2027-08-17 08:00:00,6,Retrasado
40582,41755,2027-08-19 21:00:00,133,Entregado
40733,239755,2027-08-26 04:00:00,133,En tránsito
40821,83937,2027-08-29 20:00:00,133,En tránsito
40898,320393,2027-09-02 01:00:00,133,Entregado
40937,141258,2027-09-03 16:00:00,108,Entregado
40986,301555,2027-09-05 17:00:00,133,Entregado
41027,416961,2027-09-07 10:00:00,66,Entregado
41104,313193,2027-09-10 15:00:00,66,Entregado
41123,453526,2027-09-11 10:00:00,108,Entregado
41141,51203,2027-09-12 04:00:00,108,En tránsito
41195,162866,2027-09-14 10:00:00,66,Entregado
41229,183693,2027-09-15 20:00:00,6,Cancelado
41263,391125,2027-09-17 06:00:00,6,Retrasado
41464,286624,2027-09-25 15:00:00,133,Entregado
41522,26157,2027-09-28 01:00:00,108,Cancelado
41559,151687,2027-09-29 14:00:00,108,Entregado
41618,145984,2027-10-02 01:00:00,108,Entregado
41621,313626,2027-10-02 04:00:00,133,Cancelado
41643,439395,2027-10-03 02:00:00,6,Retrasado
41675,278498,2027-10-04 10:00:00,6,En tránsito
41694,444202,2027-10-05 05:00:00,108,Entregado
41710,448248,2027-10-05 21:00:00,66,Cancelado
41817,475914,2027-10-10 08:00:00,6,En tránsito
41863,427099,2027-10-12 06:00:00,133,Cancelado
42113,414707,2027-10-22 16:00:00,133,Retrasado
42127,191004,2027-10-23 06:00:00,6,Retrasado
42159,130141,2027-10-24 14:00:00,133,En tránsito
42173,11562,2027-10-25 04:00:00,133,Retrasado
42202,364181,2027-10-26 09:00:00,66,Entregado
42243,91223,2027-10-28 02:00:00,6,Retrasado
42272,34733,2027-10-29 07:00:00,6,Retrasado
42327,319400,2027-10-31 14:00:00,6,Retrasado
42405,244285,2027-11-03 20:00:00,6,Cancelado
42424,259114,2027-11-04 15:00:00,66,Entregado
42431,473990,2027-11-04 22:00:00,66,En tránsito
42607,245267,2027-11-12 06:00:00,108,Entregado
42682,461466,2027-11-15 09:00:00,66,Retrasado
42714,59932,2027-11-16 17:00:00,6,Cancelado
42752,410806,2027-11-18 07:00:00,66,Entregado
42809,332199,2027-11-20 16:00:00,66,En tránsito
42837,346499,2027-11-21 20:00:00,66,Retrasado
42888,56530,2027-11-23 23:00:00,66,Cancelado
42891,282627,2027-11-24 02:00:00,133,En tránsito
42953,272415,2027-11-26 16:00:00,6,Entregado
42993,450209,2027-11-28 08:00:00,6,En tránsito
43115,306703,2027-12-03 10:00:00,108,Cancelado
43122,78261,2027-12-03 17:00:00,66,Cancelado
43234,390100,2027-12-08 09:00:00,6,Retrasado
43305,418156,2027-12-11 08:00:00,66,Cancelado
43418,370237,2027-12-16 01:00:00,133,Retrasado
43419,322666,2027-12-16 02:00:00,6,Cancelado
43430,125420,2027-12-16 13:00:00,66,En tránsito
43472,332219,2027-12-18 07:00:00,66,Entregado
43542,367739,2027-12-21 05:00:00,66,En tránsito
43631,106606,2027-12-24 22:00:00,108,Cancelado
43688,138348,2027-12-27 07:00:00,66,Entregado
43791,384048,2027-12-31 14:00:00,133,En tránsito
43810,322401,2028-01-01 09:00:00,66,En tránsito
43856,243760,2028-01-03 07:00:00,108,En tránsito
43913,404353,2028-01-05 16:00:00,133,Cancelado
43925,370267,2028-01-06 04:00:00,108,Cancelado
43936,234648,2028-01-06 15:00:00,108,En tránsito
43937,320477,2028-01-06 16:00:00,6,Retrasado
44019,172062,2028-01-10 02:00:00,133,En tránsito
44020,444154,2028-01-10 03:00:00,66,En tránsito
44204,71216,2028-01-17 19:00:00,6,Entregado
44218,332579,2028-01-18 09:00:00,6,Entregado
44226,441749,2028-01-18 17:00:00,133,Retrasado
44271,359803,2028-01-20 14:00:00,6,Entregado
44299,199085,2028-01-21 18:00:00,133,Entregado
44304,384001,2028-01-21 23:00:00,108,Entregado
44484,491160,2028-01-29 11:00:00,133,Entregado
44497,117114,2028-01-30 00:00:00,6,En tránsito
44500,415067,2028-01-30 03:00:00,66,Cancelado
44516,285174,2028-01-30 19:00:00,108,Cancelado
44559,419465,2028-02-01 14:00:00,6,Cancelado
44676,301652,2028-02-06 11:00:00,108,En tránsito
44698,463530,2028-02-07 09:00:00,6,Entregado
44820,104145,2028-02-12 11:00:00,66,Retrasado
44873,99935,2028-02-14 16:00:00,6,Entregado
44990,83135,2028-02-19 13:00:00,108,En tránsito
45027,459347,2028-02-21 02:00:00,6,En tránsito
45045,44718,2028-02-21 20:00:00,66,En tránsito
45087,136451,2028-02-23 14:00:00,133,En tránsito
45088,214895,2028-02-23 15:00:00,133,Retrasado
45129,454980,2028-02-25 08:00:00,66,Cancelado
45260,174728,2028-03-01 19:00:00,108,En tránsito
45306,174383,2028-03-03 17:00:00,108,Entregado
45347,455515,2028-03-05 10:00:00,108,Entregado
45423,208474,2028-03-08 14:00:00,108,En tránsito
45509,275971,2028-03-12 04:00:00,6,En tránsito
45570,103461,2028-03-14 17:00:00,133,En tránsito
45600,422742,2028-03-15 23:00:00,108,En tránsito
45654,431792,2028-03-18 05:00:00,6,En tránsito
45673,256952,2028-03-19 00:00:00,6,En tránsito
45756,109357,2028-03-22 11:00:00,66,En tránsito
45842,142496,2028-03-26 01:00:00,133,Cancelado
45959,23625,2028-03-30 22:00:00,6,Cancelado
46008,24401,2028-04-01 23:00:00,66,Retrasado
46033,236541,2028-04-03 00:00:00,108,Entregado
46076,68937,2028-04-04 19:00:00,133,Retrasado
46164,155825,2028-04-08 11:00:00,108,En tránsito
46198,67018,2028-04-09 21:00:00,6,Cancelado
46238,496275,2028-04-11 13:00:00,66,Retrasado
46296,198435,2028-04-13 23:00:00,6,Entregado
46299,340611,2028-04-14 02:00:00,108,En tránsito
46422,92052,2028-04-19 05:00:00,108,Entregado
46434,485455,2028-04-19 17:00:00,108,En tránsito
46555,343090,2028-04-24 18:00:00,66,Cancelado
46565,209150,2028-04-25 04:00:00,6,Entregado
46660,204065,2028-04-29 03:00:00,6,Retrasado
46661,251018,2028-04-29 04:00:00,66,Cancelado
46773,495239,2028-05-03 20:00:00,108,Retrasado
46775,154147,2028-05-03 22:00:00,6,Entregado
46781,189893,2028-05-04 04:00:00,6,Entregado
46896,350064,2028-05-08 23:00:00,133,En tránsito
46905,65266,2028-05-09 08:00:00,66,Retrasado
46970,325919,2028-05-12 01:00:00,108,En tránsito
47046,266223,2028-05-15 05:00:00,66,En tránsito
47054,307336,2028-05-15 13:00:00,66,Entregado
47075,270877,2028-05-16 10:00:00,66,Retrasado
47082,376317,2028-05-16 17:00:00,66,Retrasado
47125,38663,2028-05-18 12:00:00,66,Retrasado
47181,484481,2028-05-20 20:00:00,133,Entregado
47229,425740,2028-05-22 20:00:00,66,Entregado
47287,426187,2028-05-25 06:00:00,66,Entregado
47306,333963,2028-05-26 01:00:00,133,Retrasado
47420,498978,2028-05-30 19:00:00,66,Cancelado
47434,19707,2028-05-31 09:00:00,133,Cancelado
47456,90642,2028-06-01 07:00:00,66,Entregado
47514,493376,2028-06-03 17:00:00,133,Cancelado
47548,210864,2028-06-05 03:00:00,133,En tránsito
47687,331260,2028-06-10 22:00:00,66,Entregado
47689,255106,2028-06-11 00:00:00,133,Entregado
47721,419245,2028-06-12 08:00:00,108,Cancelado
47726,228249,2028-06-12 13:00:00,66,Retrasado
47753,488016,2028-06-13 16:00:00,6,Entregado
47855,291488,2028-06-17 22:00:00,66,Cancelado
47906,319908,2028-06-20 01:00:00,6,Retrasado
47964,311038,2028-06-22 11:00:00,66,Entregado
47968,484124,2028-06-22 15:00:00,133,Cancelado
47979,154907,2028-06-23 02:00:00,6,Retrasado
48109,376696,2028-06-28 12:00:00,108,Retrasado
48271,341930,2028-07-05 06:00:00,6,En tránsito
48380,391936,2028-07-09 19:00:00,66,Entregado
48384,334102,2028-07-09 23:00:00,66,Retrasado
48396,335391,2028-07-10 11:00:00,133,Cancelado
48403,19255,2028-07-10 18:00:00,6,Entregado
48405,337226,2028-07-10 20:00:00,66,Retrasado
48413,248783,2028-07-11 04:00:00,108,Entregado
48414,115338,2028-07-11 05:00:00,133,En tránsito
48430,58354,2028-07-11 21:00:00,133,Entregado
48538,158457,2028-07-16 09:00:00,6,Entregado
48593,318970,2028-07-18 16:00:00,66,Cancelado
48598,120891,2028-07-18 21:00:00,66,En tránsito
48646,379735,2028-07-20 21:00:00,66,Retrasado
48651,155284,2028-07-21 02:00:00,108,Entregado
48667,331471,2028-07-21 18:00:00,66,Retrasado
48691,442440,2028-07-22 18:00:00,108,Retrasado
48757,146960,2028-07-25 12:00:00,133,En tránsito
48774,468953,2028-07-26 05:00:00,133,Entregado
49005,324402,2028-08-04 20:00:00,108,En tránsito
49048,325304,2028-08-06 15:00:00,108,Entregado
49084,496711,2028-08-08 03:00:00,108,Retrasado
49093,249543,2028-08-08 12:00:00,108,Entregado
49099,7650,2028-08-08 18:00:00,66,Entregado
49182,49024,2028-08-12 05:00:00,6,Cancelado
49252,465519,2028-08-15 03:00:00,108,En tránsito
49332,170551,2028-08-18 11:00:00,133,Entregado
49338,161617,2028-08-18 17:00:00,66,En tránsito
49431,165248,2028-08-22 14:00:00,6,Cancelado
49469,47672,2028-08-24 04:00:00,108,Cancelado
49629,405601,2028-08-30 20:00:00,108,Entregado
49639,254809,2028-08-31 06:00:00,66,Entregado
49715,217848,2028-09-03 10:00:00,6,Entregado
49717,16112,2028-09-03 12:00:00,133,Retrasado
49739,59543,2028-09-04 10:00:00,66,Entregado
49762,14953,2028-09-05 09:00:00,66,Retrasado
49777,32456,2028-09-06 00:00:00,66,Cancelado
49783,174728,2028-09-06 06:00:00,6,Entregado
49836,316056,2028-09-08 11:00:00,66,Retrasado
49854,382804,2028-09-09 05:00:00,133,Retrasado
49865,256527,2028-09-09 16:00:00,108,Retrasado
49918,490045,2028-09-11 21:00:00,133,Retrasado
50010,385277,2028-09-15 17:00:00,66,En tránsito
50040,373338,2028-09-16 23:00:00,133,En tránsito
50157,184321,2028-09-21 20:00:00,133,Cancelado
50224,297515,2028-09-24 15:00:00,6,Cancelado
50458,278374,2028-10-04 09:00:00,66,Entregado
50461,400184,2028-10-04 12:00:00,133,Entregado
50530,30550,2028-10-07 09:00:00,133,Retrasado
50561,280356,2028-10-08 16:00:00,66,Cancelado
50711,443214,2028-10-14 22:00:00,108,Cancelado
50780,30853,2028-10-17 19:00:00,108,Entregado
50787,118656,2028-10-18 02:00:00,6,Retrasado
50799,285537,2028-10-18 14:00:00,133,Retrasado
50894,397491,2028-10-22 13:00:00,133,Cancelado
50960,188433,2028-10-25 07:00:00,66,En tránsito
51008,346740,2028-10-27 07:00:00,133,En tránsito
51062,22606,2028-10-29 13:00:00,133,Cancelado
51161,426690,2028-11-02 16:00:00,133,Entregado
51196,21712,2028-11-04 03:00:00,108,Entregado
51239,386398,2028-11-05 22:00:00,133,Retrasado
51297,127607,2028-11-08 08:00:00,108,Cancelado
51299,377566,2028-11-08 10:00:00,133,En tránsito
51384,150689,2028-11-11 23:00:00,108,En tránsito
51393,398478,2028-11-12 08:00:00,66,En tránsito
51420,257132,2028-11-13 11:00:00,108,Cancelado
51465,61816,2028-11-15 08:00:00,6,Cancelado
51517,238368,2028-11-17 12:00:00,66,En tránsito
51543,360652,2028-11-18 14:00:00,6,Retrasado
51588,379796,2028-11-20 11:00:00,108,En tránsito
51624,321401,2028-11-21 23:00:00,66,Retrasado
51658,201200,2028-11-23 09:00:00,6,Cancelado
51678,23981,2028-11-24 05:00:00,6,En tránsito
51695,487856,2028-11-24 22:00:00,66,Entregado
51712,197554,2028-11-25 15:00:00,66,Retrasado
51758,193971,2028-11-27 13:00:00,108,Entregado
51771,478826,2028-11-28 02:00:00,6,Entregado
51811,257289,2028-11-29 18:00:00,133,En tránsito
51850,123578,2028-12-01 09:00:00,6,Retrasado
51867,384293,2028-12-02 02:00:00,108,Retrasado
51878,235246,2028-12-02 13:00:00,133,Entregado
51945,237234,2028-12-05 08:00:00,6,Retrasado
51952,312143,2028-12-05 15:00:00,133,Entregado
51967,315307,2028-12-06 06:00:00,133,Retrasado
51996,400420,2028-12-07 11:00:00,133,En tránsito
52133,360800,2028-12-13 04:00:00,6,En tránsito
52226,259439,2028-12-17 01:00:00,66,Cancelado
52270,339296,2028-12-18 21:00:00,66,Retrasado
52307,111562,2028-12-20 10:00:00,133,En tránsito
52420,249687,2028-12-25 03:00:00,6,Retrasado
52490,112634,2028-12-28 01:00:00,108,Entregado
52515,30819,2028-12-29 02:00:00,66,Entregado
52656,46322,2029-01-03 23:00:00,66,En tránsito
52694,96675,2029-01-05 13:00:00,133,Entregado
52711,340969,2029-01-06 06:00:00,108,En tránsito
52761,213901,2029-01-08 08:00:00,133,En tránsito
52808,400712,2029-01-10 07:00:00,108,Cancelado
52865,67933,2029-01-12 16:00:00,108,Entregado
52868,454055,2029-01-12 19:00:00,6,En tránsito
52980,34701,2029-01-17 11:00:00,66,En tránsito
53000,470127,2029-01-18 07:00:00,133,En tránsito
53056,110244,2029-01-20 15:00:00,66,En tránsito
53073,100487,2029-01-21 08:00:00,108,En tránsito
53080,228270,2029-01-21 15:00:00,133,En tránsito
53116,169834,2029-01-23 03:00:00,6,Retrasado
53146,13460,2029-01-24 09:00:00,6,Cancelado
53151,273188,2029-01-24 14:00:00,6,En tránsito
53153,14230,2029-01-24 16:00:00,6,Entregado
53177,155956,2029-01-25 16:00:00,66,En tránsito
53209,423985,2029-01-27 00:00:00,133,Entregado
53234,417952,2029-01-28 01:00:00,6,Retrasado
53262,55153,2029-01-29 05:00:00,6,Retrasado
53309,77669,2029-01-31 04:00:00,108,Retrasado
53408,349878,2029-02-04 07:00:00,133,Entregado
53498,407957,2029-02-08 01:00:00,66,Retrasado
53513,265381,2029-02-08 16:00:00,6,Entregado
53552,142270,2029-02-10 07:00:00,6,Cancelado
53678,293058,2029-02-15 13:00:00,6,En tránsito
53827,448592,2029-02-21 18:00:00,133,Entregado
53869,154148,2029-02-23 12:00:00,6,Retrasado
53891,307817,2029-02-24 10:00:00,66,En tránsito
53993,234044,2029-02-28 16:00:00,108,En tránsito
54074,22025,2029-03-04 01:00:00,6,Retrasado
54104,151687,2029-03-05 07:00:00,66,Cancelado
54159,98982,2029-03-07 14:00:00,6,En tránsito
54160,297819,2029-03-07 15:00:00,133,En tránsito
54191,409376,2029-03-08 22:00:00,108,Retrasado
54231,28343,2029-03-10 14:00:00,133,En tránsito
54307,379517,2029-03-13 18:00:00,66,Entregado
54377,140662,2029-03-16 16:00:00,108,Retrasado
54475,460714,2029-03-20 18:00:00,6,Entregado
54510,124600,2029-03-22 05:00:00,6,Cancelado
54655,399649,2029-03-28 06:00:00,6,En tránsito
54676,365203,2029-03-29 03:00:00,66,Cancelado
54693,230926,2029-03-29 20:00:00,108,Retrasado
54765,342927,2029-04-01 20:00:00,108,Retrasado
54783,183340,2029-04-02 14:00:00,6,Retrasado
54789,201609,2029-04-02 20:00:00,6,Cancelado
54791,50185,2029-04-02 22:00:00,133,Cancelado
54881,181758,2029-04-06 16:00:00,6,Cancelado
54910,194962,2029-04-07 21:00:00,133,Cancelado
54924,267782,2029-04-08 11:00:00,6,Cancelado
55016,284698,2029-04-12 07:00:00,6,Entregado
55046,450732,2029-04-13 13:00:00,108,En tránsito
55148,221875,2029-04-17 19:00:00,108,Entregado
55267,150428,2029-04-22 18:00:00,6,En tránsito
55280,125359,2029-04-23 07:00:00,66,En tránsito
55312,450514,2029-04-24 15:00:00,66,Entregado
55320,103596,2029-04-24 23:00:00,133,En tránsito
55377,485041,2029-04-27 08:00:00,108,Retrasado
55382,193880,2029-04-27 13:00:00,108,En tránsito
55415,93957,2029-04-28 22:00:00,6,En tránsito
55577,333458,2029-05-05 16:00:00,6,En tránsito
55593,248487,2029-05-06 08:00:00,108,En tránsito
55620,28806,2029-05-07 11:00:00,6,Retrasado
55637,462580,2029-05-08 04:00:00,66,Entregado
55752,124419,2029-05-12 23:00:00,108,Retrasado
55759,128246,2029-05-13 06:00:00,133,Cancelado
55793,82079,2029-05-14 16:00:00,66,Cancelado
55850,201365,2029-05-17 01:00:00,133,En tránsito
55852,188432,2029-05-17 03:00:00,6,Entregado
55863,335566,2029-05-17 14:00:00,133,Entregado
55982,249891,2029-05-22 13:00:00,6,En tránsito
56046,231091,2029-05-25 05:00:00,66,Entregado
56098,244044,2029-05-27 09:00:00,66,Retrasado
56114,237418,2029-05-28 01:00:00,66,Retrasado
56136,349304,2029-05-28 23:00:00,6,En tránsito
56187,415642,2029-05-31 02:00:00,133,Retrasado
56194,447004,2029-05-31 09:00:00,66,Cancelado
56241,180421,2029-06-02 08:00:00,66,Entregado
56271,463431,2029-06-03 14:00:00,66,Entregado
56284,230015,2029-06-04 03:00:00,108,Cancelado
56324,114581,2029-06-05 19:00:00,133,Cancelado
56364,256673,2029-06-07 11:00:00,66,Entregado
56495,382529,2029-06-12 22:00:00,66,Retrasado
56501,230183,2029-06-13 04:00:00,108,Cancelado
56524,222497,2029-06-14 03:00:00,108,Entregado
56526,155945,2029-06-14 05:00:00,66,Cancelado
56533,87786,2029-06-14 12:00:00,133,En tránsito
56565,244696,2029-06-15 20:00:00,66,En tránsito
56650,401591,2029-06-19 09:00:00,66,En tránsito
56651,144711,2029-06-19 10:00:00,66,Entregado
56694,226682,2029-06-21 05:00:00,6,Cancelado
56731,245807,2029-06-22 18:00:00,6,Retrasado
57005,198736,2029-07-04 04:00:00,6,Cancelado
57032,335085,2029-07-05 07:00:00,66,En tránsito
57147,109090,2029-07-10 02:00:00,133,En tránsito
57290,281647,2029-07-16 01:00:00,108,Cancelado
57322,257405,2029-07-17 09:00:00,108,Retrasado
57375,368314,2029-07-19 14:00:00,66,Cancelado
57421,218925,2029-07-21 12:00:00,6,Entregado
57489,464406,2029-07-24 08:00:00,133,Entregado
57524,401514,2029-07-25 19:00:00,133,En tránsito
57569,493247,2029-07-27 16:00:00,66,Cancelado
57629,392640,2029-07-30 04:00:00,66,Cancelado
57667,439700,2029-07-31 18:00:00,133,Entregado
57696,238697,2029-08-01 23:00:00,133,Entregado
57700,251480,2029-08-02 03:00:00,66,Entregado
57720,32853,2029-08-02 23:00:00,66,En tránsito
57724,235611,2029-08-03 03:00:00,66,En tránsito
58026,16183,2029-08-15 17:00:00,108,Cancelado
58041,95401,2029-08-16 08:00:00,66,Retrasado
58205,164970,2029-08-23 04:00:00,6,En tránsito
58348,388791,2029-08-29 03:00:00,66,Entregado
58461,238976,2029-09-02 20:00:00,6,Cancelado
58526,162654,2029-09-05 13:00:00,108,Entregado
58579,328189,2029-09-07 18:00:00,6,Entregado
58591,224845,2029-09-08 06:00:00,6,Cancelado
58631,304676,2029-09-09 22:00:00,6,En tránsito
58652,463510,2029-09-10 19:00:00,133,Entregado
58691,64377,2029-09-12 10:00:00,6,Entregado
58706,229121,2029-09-13 01:00:00,66,En tránsito
58715,424133,2029-09-13 10:00:00,66,En tránsito
58730,377388,2029-09-14 01:00:00,133,Cancelado
58737,465742,2029-09-14 08:00:00,6,Entregado
58799,420637,2029-09-16 22:00:00,66,En tránsito
58919,298222,2029-09-21 22:00:00,6,Cancelado
59039,449564,2029-09-26 22:00:00,66,Retrasado
59057,339734,2029-09-27 16:00:00,133,En tránsito
59117,14779,2029-09-30 04:00:00,66,Entregado
59190,267529,2029-10-03 05:00:00,133,Entregado
59376,303129,2029-10-10 23:00:00,108,Entregado
59395,437358,2029-10-11 18:00:00,108,Entregado
59422,36126,2029-10-12 21:00:00,66,Cancelado
59484,67748,2029-10-15 11:00:00,108,En tránsito
59491,148419,2029-10-15 18:00:00,108,En tránsito
59596,60493,2029-10-20 03:00:00,133,En tránsito
59599,56803,2029-10-20 06:00:00,133,Cancelado
59611,318545,2029-10-20 18:00:00,133,En tránsito
59627,488659,2029-10-21 10:00:00,133,Entregado
59628,198055,2029-10-21 11:00:00,108,Cancelado
59868,458606,2029-10-31 11:00:00,108,Cancelado
59881,198209,2029-11-01 00:00:00,108,En tránsito
59930,372006,2029-11-03 01:00:00,66,Entregado
59939,37372,2029-11-03 10:00:00,66,Entregado
59940,202250,2029-11-03 11:00:00,133,Entregado
60005,66131,2029-11-06 04:00:00,108,Retrasado
60130,142279,2029-11-11 09:00:00,6,En tránsito
60188,491986,2029-11-13 19:00:00,133,En tránsito
60246,172066,2029-11-16 05:00:00,6,En tránsito
60272,321916,2029-11-17 07:00:00,66,Entregado
60276,311829,2029-11-17 11:00:00,66,Cancelado
60324,151341,2029-11-19 11:00:00,108,Entregado
60333,445253,2029-11-19 20:00:00,108,En tránsito
60445,308654,2029-11-24 12:00:00,108,Cancelado
60461,35269,2029-11-25 04:00:00,66,Cancelado
60684,132079,2029-12-04 11:00:00,133,Cancelado
60688,136970,2029-12-04 15:00:00,108,En tránsito
60708,414285,2029-12-05 11:00:00,66,Entregado
60753,163390,2029-12-07 08:00:00,66,En tránsito
60810,89679,2029-12-09 17:00:00,108,Entregado
60877,222126,2029-12-12 12:00:00,108,En tránsito
60899,402768,2029-12-13 10:00:00,6,Entregado
60935,148904,2029-12-14 22:00:00,108,En tránsito
61012,15271,2029-12-18 03:00:00,66,Cancelado
61230,100920,2029-12-27 05:00:00,66,Cancelado
61292,1277,2029-12-29 19:00:00,6,Cancelado
61352,451670,2030-01-01 07:00:00,133,Cancelado
61401,29379,2030-01-03 08:00:00,133,Cancelado
61428,183160,2030-01-04 11:00:00,108,Retrasado
61518,30168,2030-01-08 05:00:00,133,Cancelado
61618,26931,2030-01-12 09:00:00,133,En tránsito
61677,119925,2030-01-14 20:00:00,66,En tránsito
61698,325040,2030-01-15 17:00:00,66,Retrasado
61758,372252,2030-01-18 05:00:00,108,Entregado
61818,436303,2030-01-20 17:00:00,6,Cancelado
61919,455917,2030-01-24 22:00:00,133,En tránsito
61926,155236,2030-01-25 05:00:00,108,Retrasado
62080,430543,2030-01-31 15:00:00,108,Entregado
62137,176467,2030-02-03 00:00:00,108,En tránsito
62256,75153,2030-02-07 23:00:00,66,Entregado
62387,156528,2030-02-13 10:00:00,133,Retrasado
62542,321487,2030-02-19 21:00:00,6,Entregado
62544,122054,2030-02-19 23:00:00,133,Entregado
62619,368133,2030-02-23 02:00:00,108,Retrasado
62754,61395,2030-02-28 17:00:00,108,Entregado
62776,189024,2030-03-01 15:00:00,108,En tránsito
62827,319600,2030-03-03 18:00:00,108,Retrasado
62835,453500,2030-03-04 02:00:00,66,Retrasado
62877,12763,2030-03-05 20:00:00,108,Retrasado
62905,238633,2030-03-07 00:00:00,133,Entregado
63044,497880,2030-03-12 19:00:00,108,Entregado
63104,185131,2030-03-15 07:00:00,6,Entregado
63215,300677,2030-03-19 22:00:00,108,Cancelado
63335,193980,2030-03-24 22:00:00,108,En tránsito
63394,77023,2030-03-27 09:00:00,108,En tránsito
63437,449534,2030-03-29 04:00:00,133,Cancelado
63566,136732,2030-04-03 13:00:00,6,Cancelado
63592,103325,2030-04-04 15:00:00,108,Entregado
63653,480463,2030-04-07 04:00:00,6,Cancelado
63677,229114,2030-04-08 04:00:00,108,Retrasado
63779,374350,2030-04-12 10:00:00,66,Entregado
63802,208477,2030-04-13 09:00:00,108,Entregado
63822,385744,2030-04-14 05:00:00,66,Retrasado
63845,139605,2030-04-15 04:00:00,108,Entregado
63884,222452,2030-04-16 19:00:00,108,Retrasado
64124,326214,2030-04-26 19:00:00,6,Entregado
64175,257985,2030-04-28 22:00:00,108,En tránsito
64201,166054,2030-04-30 00:00:00,133,En tránsito
64236,194717,2030-05-01 11:00:00,108,Entregado
64240,132193,2030-05-01 15:00:00,133,Entregado
64340,352319,2030-05-05 19:00:00,66,En tránsito
64342,197277,2030-05-05 21:00:00,66,Cancelado
64449,52007,2030-05-10 08:00:00,133,Cancelado
64459,69849,2030-05-10 18:00:00,133,En tránsito
64479,399112,2030-05-11 14:00:00,66,Entregado
64689,13588,2030-05-20 08:00:00,133,Retrasado
64770,82029,2030-05-23 17:00:00,108,Cancelado
64782,392185,2030-05-24 05:00:00,133,Retrasado
64912,241070,2030-05-29 15:00:00,66,En tránsito
64969,447701,2030-06-01 00:00:00,66,Entregado
64999,405349,2030-06-02 06:00:00,108,Cancelado
65014,316724,2030-06-02 21:00:00,133,Entregado
65095,431470,2030-06-06 06:00:00,6,En tránsito
65114,37753,2030-06-07 01:00:00,66,En tránsito
65132,52733,2030-06-07 19:00:00,133,Retrasado
65164,415779,2030-06-09 03:00:00,108,Retrasado
65226,414281,2030-06-11 17:00:00,108,Retrasado
65259,231583,2030-06-13 02:00:00,108,En tránsito
65283,174861,2030-06-14 02:00:00,108,En tránsito
65307,243157,2030-06-15 02:00:00,66,En tránsito
65326,436755,2030-06-15 21:00:00,66,Retrasado
65335,362282,2030-06-16 06:00:00,66,Entregado
65354,371065,2030-06-17 01:00:00,66,En tránsito
65368,470294,2030-06-17 15:00:00,133,Cancelado
65396,22032,2030-06-18 19:00:00,6,Retrasado
65444,347592,2030-06-20 19:00:00,6,Cancelado
65491,471165,2030-06-22 18:00:00,133,En tránsito
65611,12256,2030-06-27 18:00:00,108,Entregado
65655,83343,2030-06-29 14:00:00,133,Retrasado
65660,390230,2030-06-29 19:00:00,66,Entregado
65761,265788,2030-07-04 00:00:00,6,Cancelado
65770,420167,2030-07-04 09:00:00,133,En tránsito
65825,242394,2030-07-06 16:00:00,66,Retrasado
65856,158989,2030-07-07 23:00:00,6,Retrasado
65904,461081,2030-07-09 23:00:00,108,Retrasado
65907,339462,2030-07-10 02:00:00,66,Retrasado
65912,77137,2030-07-10 07:00:00,6,Cancelado
65984,498188,2030-07-13 07:00:00,66,Entregado
66013,99598,2030-07-14 12:00:00,66,Cancelado
66050,62772,2030-07-16 01:00:00,66,Cancelado
66052,262326,2030-07-16 03:00:00,6,Entregado
66085,12602,2030-07-17 12:00:00,66,Retrasado
66106,314404,2030-07-18 09:00:00,108,En tránsito
66123,144882,2030-07-19 02:00:00,66,Entregado
66131,312072,2030-07-19 10:00:00,66,Entregado
66172,363680,2030-07-21 03:00:00,66,Retrasado
66204,5860,2030-07-22 11:00:00,6,Entregado
66235,225261,2030-07-23 18:00:00,66,Entregado
66256,247857,2030-07-24 15:00:00,6,Entregado
66261,388854,2030-07-24 20:00:00,133,En tránsito
66402,237326,2030-07-30 17:00:00,133,Cancelado
66490,136863,2030-08-03 09:00:00,108,Entregado
66493,493427,2030-08-03 12:00:00,6,En tránsito
66495,328887,2030-08-03 14:00:00,6,Cancelado
66510,101982,2030-08-04 05:00:00,108,En tránsito
66604,302790,2030-08-08 03:00:00,6,Cancelado
66672,86673,2030-08-10 23:00:00,6,Cancelado
66686,138434,2030-08-11 13:00:00,66,Cancelado
66759,130418,2030-08-14 14:00:00,133,Entregado
66832,254456,2030-08-17 15:00:00,108,Entregado
66912,364288,2030-08-20 23:00:00,66,Retrasado
66914,305604,2030-08-21 01:00:00,6,Cancelado
66979,247320,2030-08-23 18:00:00,66,Retrasado
67039,116138,2030-08-26 06:00:00,6,Entregado
67059,349393,2030-08-27 02:00:00,6,En tránsito
67061,278907,2030-08-27 04:00:00,6,En tránsito
67090,153625,2030-08-28 09:00:00,108,Retrasado
67108,153386,2030-08-29 03:00:00,66,Cancelado
67114,198470,2030-08-29 09:00:00,6,Retrasado
67203,362941,2030-09-02 02:00:00,66,Retrasado
67236,412958,2030-09-03 11:00:00,6,Cancelado
67243,138292,2030-09-03 18:00:00,6,En tránsito
67309,105343,2030-09-06 12:00:00,66,Retrasado
67365,366877,2030-09-08 20:00:00,133,Entregado
67391,271098,2030-09-09 22:00:00,6,En tránsito
67497,31336,2030-09-14 08:00:00,66,Retrasado
67498,376673,2030-09-14 09:00:00,6,Entregado
67752,378204,2030-09-24 23:00:00,6,Cancelado
67827,330134,2030-09-28 02:00:00,133,Entregado
67880,78667,2030-09-30 07:00:00,108,Cancelado
67901,303771,2030-10-01 04:00:00,108,Cancelado
67958,18901,2030-10-03 13:00:00,108,Cancelado
68018,65842,2030-10-06 01:00:00,133,Entregado
68078,433623,2030-10-08 13:00:00,108,En tránsito
68095,302405,2030-10-09 06:00:00,133,Cancelado
68100,93932,2030-10-09 11:00:00,108,Cancelado
68170,115999,2030-10-12 09:00:00,66,Cancelado
68258,435708,2030-10-16 01:00:00,108,Entregado
68444,229020,2030-10-23 19:00:00,108,Entregado
68451,156938,2030-10-24 02:00:00,133,En tránsito
68648,73056,2030-11-01 07:00:00,108,En tránsito
68798,251715,2030-11-07 13:00:00,66,Entregado
68872,332325,2030-11-10 15:00:00,108,Cancelado
68912,141128,2030-11-12 07:00:00,133,En tránsito
68946,279355,2030-11-13 17:00:00,133,En tránsito
69026,181783,2030-11-17 01:00:00,66,Cancelado
69061,419179,2030-11-18 12:00:00,66,En tránsito
69121,208889,2030-11-21 00:00:00,133,Retrasado
69189,374581,2030-11-23 20:00:00,6,Cancelado
69262,477643,2030-11-26 21:00:00,66,Retrasado
69312,10276,2030-11-28 23:00:00,133,Retrasado
69394,218076,2030-12-02 09:00:00,66,Retrasado
69522,345927,2030-12-07 17:00:00,108,En tránsito
69526,193219,2030-12-07 21:00:00,133,Cancelado
69532,407060,2030-12-08 03:00:00,108,Retrasado
69553,428458,2030-12-09 00:00:00,108,En tránsito
69560,300559,2030-12-09 07:00:00,6,Cancelado
69671,317096,2030-12-13 22:00:00,133,Cancelado
69704,102341,2030-12-15 07:00:00,108,Cancelado
69798,205460,2030-12-19 05:00:00,6,En tránsito
69834,433289,2030-12-20 17:00:00,133,Cancelado
69889,42058,2030-12-23 00:00:00,133,Cancelado
69916,330257,2030-12-24 03:00:00,6,Entregado
70007,156798,2030-12-27 22:00:00,6,Entregado
70078,425806,2030-12-30 21:00:00,66,Cancelado
70108,485831,2031-01-01 03:00:00,133,Entregado
70294,405929,2031-01-08 21:00:00,108,En tránsito
70305,364500,2031-01-09 08:00:00,6,Retrasado
70318,393529,2031-01-09 21:00:00,6,En tránsito
70323,214695,2031-01-10 02:00:00,108,Cancelado
70392,68925,2031-01-12 23:00:00,66,En tránsito
70428,285506,2031-01-14 11:00:00,66,Retrasado
70453,156072,2031-01-15 12:00:00,66,Retrasado
70529,278264,2031-01-18 16:00:00,108,Entregado
70568,110876,2031-01-20 07:00:00,6,En tránsito
70582,166776,2031-01-20 21:00:00,133,Retrasado
70599,103252,2031-01-21 14:00:00,66,Cancelado
70610,227370,2031-01-22 01:00:00,6,Retrasado
70655,341812,2031-01-23 22:00:00,6,Entregado
70657,256198,2031-01-24 00:00:00,6,Entregado
70662,33432,2031-01-24 05:00:00,66,Cancelado
70686,86513,2031-01-25 05:00:00,66,En tránsito
70824,301534,2031-01-30 23:00:00,6,Cancelado
70876,192326,2031-02-02 03:00:00,66,Retrasado
70883,433349,2031-02-02 10:00:00,133,Retrasado
70935,310333,2031-02-04 14:00:00,108,En tránsito
70949,80496,2031-02-05 04:00:00,66,Cancelado
70964,124610,2031-02-05 19:00:00,108,Entregado
71127,24985,2031-02-12 14:00:00,66,Retrasado
71415,367770,2031-02-24 14:00:00,6,Retrasado
71421,419238,2031-02-24 20:00:00,108,Retrasado
71600,295750,2031-03-04 07:00:00,108,Retrasado
71634,357126,2031-03-05 17:00:00,133,En tránsito
71669,3122,2031-03-07 04:00:00,6,En tránsito
71722,397340,2031-03-09 09:00:00,108,Retrasado
71790,319994,2031-03-12 05:00:00,6,En tránsito
71810,206657,2031-03-13 01:00:00,6,Entregado
71823,339745,2031-03-13 14:00:00,6,Entregado
71834,397699,2031-03-14 01:00:00,108,Cancelado
71981,55168,2031-03-20 04:00:00,6,Retrasado
71985,454464,2031-03-20 08:00:00,66,Entregado
72035,147189,2031-03-22 10:00:00,133,En tránsito
72099,164000,2031-03-25 02:00:00,6,Entregado
72197,456936,2031-03-29 04:00:00,108,En tránsito
72205,22367,2031-03-29 12:00:00,6,Cancelado
72268,82273,2031-04-01 03:00:00,108,En tránsito
72347,234099,2031-04-04 10:00:00,6,Entregado
72499,33314,2031-04-10 18:00:00,66,Entregado
72515,152198,2031-04-11 10:00:00,66,Cancelado
72563,20646,2031-04-13 10:00:00,66,Cancelado
72583,424391,2031-04-14 06:00:00,66,En tránsito
72673,249054,2031-04-18 00:00:00,133,En tránsito
72711,107722,2031-04-19 14:00:00,133,Entregado
72730,434999,2031-04-20 09:00:00,66,Entregado
72817,261483,2031-04-24 00:00:00,6,En tránsito
72872,89423,2031-04-26 07:00:00,108,Cancelado
72905,428935,2031-04-27 16:00:00,108,Retrasado
72921,396603,2031-04-28 08:00:00,66,En tránsito
72946,33484,2031-04-29 09:00:00,133,Retrasado
72983,49021,2031-04-30 22:00:00,108,Cancelado
73036,379400,2031-05-03 03:00:00,133,Cancelado
73043,386531,2031-05-03 10:00:00,108,En tránsito
73071,451801,2031-05-04 14:00:00,6,Entregado
73152,74975,2031-05-07 23:00:00,108,Cancelado
73168,310908,2031-05-08 15:00:00,66,Entregado
73198,345807,2031-05-09 21:00:00,6,Retrasado
73203,127140,2031-05-10 02:00:00,133,En tránsito
73212,290813,2031-05-10 11:00:00,66,Cancelado
73281,208414,2031-05-13 08:00:00,66,Cancelado
73288,357878,2031-05-13 15:00:00,108,Cancelado
73317,173895,2031-05-14 20:00:00,133,Retrasado
73369,259087,2031-05-17 00:00:00,66,Cancelado
73517,446591,2031-05-23 04:00:00,66,En tránsito
73569,100757,2031-05-25 08:00:00,66,Retrasado
73709,232730,2031-05-31 04:00:00,108,Cancelado
73715,69453,2031-05-31 10:00:00,66,Cancelado
73762,315173,2031-06-02 09:00:00,6,Retrasado
73763,203413,2031-06-02 10:00:00,108,En tránsito
73770,450748,2031-06-02 17:00:00,133,Cancelado
73780,116187,2031-06-03 03:00:00,133,En tránsito
73880,284802,2031-06-07 07:00:00,133,En tránsito
73924,51852,2031-06-09 03:00:00,66,Cancelado
73937,161247,2031-06-09 16:00:00,108,Retrasado
73979,186432,2031-06-11 10:00:00,66,Cancelado
74294,389797,2031-06-24 13:00:00,6,Entregado
74346,310335,2031-06-26 17:00:00,6,Cancelado
74429,332665,2031-06-30 04:00:00,133,Cancelado
74453,332819,2031-07-01 04:00:00,6,Retrasado
74520,211599,2031-07-03 23:00:00,133,Entregado
74552,288557,2031-07-05 07:00:00,6,En tránsito
74553,464892,2031-07-05 08:00:00,133,Retrasado
74690,416228,2031-07-11 01:00:00,6,Retrasado
74735,406633,2031-07-12 22:00:00,6,Cancelado
74771,202439,2031-07-14 10:00:00,6,Cancelado
74854,56482,2031-07-17 21:00:00,6,Retrasado
74878,346015,2031-07-18 21:00:00,133,Entregado
75007,499615,2031-07-24 06:00:00,108,Retrasado
75013,423541,2031-07-24 12:00:00,108,En tránsito
75019,301298,2031-07-24 18:00:00,108,Entregado
75029,467604,2031-07-25 04:00:00,108,Retrasado
75076,267610,2031-07-27 03:00:00,6,Cancelado
75086,251767,2031-07-27 13:00:00,108,Cancelado
75092,167051,2031-07-27 19:00:00,66,En tránsito
75123,350018,2031-07-29 02:00:00,108,Cancelado
75147,228853,2031-07-30 02:00:00,66,Retrasado
75251,59888,2031-08-03 10:00:00,133,Entregado
75550,301026,2031-08-15 21:00:00,133,En tránsito
75695,52572,2031-08-21 22:00:00,66,Entregado
75742,236488,2031-08-23 21:00:00,108,En tránsito
75754,354934,2031-08-24 09:00:00,108,En tránsito
75768,238331,2031-08-24 23:00:00,6,Entregado
75842,66718,2031-08-28 01:00:00,6,Cancelado
75844,147079,2031-08-28 03:00:00,6,Cancelado
75914,488915,2031-08-31 01:00:00,6,En tránsito
75926,406226,2031-08-31 13:00:00,108,En tránsito
75947,99079,2031-09-01 10:00:00,108,En tránsito
75988,332565,2031-09-03 03:00:00,6,Cancelado
76029,423642,2031-09-04 20:00:00,133,Retrasado
76125,120832,2031-09-08 20:00:00,133,Retrasado
76295,492843,2031-09-15 22:00:00,108,Entregado
76312,448913,2031-09-16 15:00:00,6,Entregado
76390,229955,2031-09-19 21:00:00,6,En tránsito
76452,326532,2031-09-22 11:00:00,108,Retrasado
76460,135024,2031-09-22 19:00:00,66,Retrasado
76538,220398,2031-09-26 01:00:00,6,En tránsito
76591,238471,2031-09-28 06:00:00,6,Entregado
76675,39542,2031-10-01 18:00:00,66,En tránsito
76692,412380,2031-10-02 11:00:00,66,Entregado
76709,179192,2031-10-03 04:00:00,66,Entregado
76715,412410,2031-10-03 10:00:00,6,En tránsito
76730,310006,2031-10-04 01:00:00,133,Retrasado
76759,141055,2031-10-05 06:00:00,108,Retrasado
76773,404671,2031-10-05 20:00:00,6,Cancelado
76838,299162,2031-10-08 13:00:00,66,Cancelado
76884,321852,2031-10-10 11:00:00,108,Cancelado
76922,386253,2031-10-12 01:00:00,133,Cancelado
76950,272786,2031-10-13 05:00:00,108,En tránsito
76964,490246,2031-10-13 19:00:00,133,Cancelado
76980,460022,2031-10-14 11:00:00,133,Retrasado
76997,162629,2031-10-15 04:00:00,66,Retrasado
77065,411463,2031-10-18 00:00:00,6,Entregado
77090,97786,2031-10-19 01:00:00,66,Entregado
77153,255264,2031-10-21 16:00:00,66,Entregado
77188,12440,2031-10-23 03:00:00,6,Cancelado
77195,421249,2031-10-23 10:00:00,133,En tránsito
77326,459235,2031-10-28 21:00:00,108,Retrasado
77365,384353,2031-10-30 12:00:00,66,Entregado
77415,392584,2031-11-01 14:00:00,108,En tránsito
77423,428184,2031-11-01 22:00:00,6,Entregado
77485,443186,2031-11-04 12:00:00,133,Entregado
77529,405115,2031-11-06 08:00:00,108,Entregado
77695,78979,2031-11-13 06:00:00,66,Cancelado
77763,74842,2031-11-16 02:00:00,66,Retrasado
77843,74437,2031-11-19 10:00:00,66,Cancelado
77882,197632,2031-11-21 01:00:00,66,Cancelado
77890,101258,2031-11-21 09:00:00,108,En tránsito
77909,490724,2031-11-22 04:00:00,133,Entregado
78100,128475,2031-11-30 03:00:00,108,En tránsito
78170,419022,2031-12-03 01:00:00,108,En tránsito
78299,328408,2031-12-08 10:00:00,66,En tránsito
78311,177370,2031-12-08 22:00:00,6,Entregado
78343,444769,2031-12-10 06:00:00,6,En tránsito
78419,130868,2031-12-13 10:00:00,6,Retrasado
78445,144668,2031-12-14 12:00:00,66,Cancelado
78453,97438,2031-12-14 20:00:00,66,Retrasado
78465,467448,2031-12-15 08:00:00,6,Retrasado
78583,227137,2031-12-20 06:00:00,133,Entregado
78603,63443,2031-12-21 02:00:00,133,Cancelado
78613,18390,2031-12-21 12:00:00,108,Retrasado
78684,449860,2031-12-24 11:00:00,108,Entregado
78703,206355,2031-12-25 06:00:00,66,Cancelado
78735,363584,2031-12-26 14:00:00,108,En tránsito
78819,345895,2031-12-30 02:00:00,6,Entregado
79064,229954,2032-01-09 07:00:00,108,Entregado
79078,315314,2032-01-09 21:00:00,133,En tránsito
79083,460703,2032-01-10 02:00:00,6,Retrasado
79246,387636,2032-01-16 21:00:00,133,Cancelado
79280,321782,2032-01-18 07:00:00,108,Cancelado
79288,35693,2032-01-18 15:00:00,66,Retrasado
79294,101234,2032-01-18 21:00:00,66,Cancelado
79341,135027,2032-01-20 20:00:00,66,Entregado
79362,420666,2032-01-21 17:00:00,66,En tránsito
79412,448422,2032-01-23 19:00:00,6,En tránsito
79575,498924,2032-01-30 14:00:00,108,Cancelado
79635,37399,2032-02-02 02:00:00,6,Retrasado
79719,251066,2032-02-05 14:00:00,133,Entregado
79780,139161,2032-02-08 03:00:00,66,Retrasado
79793,202637,2032-02-08 16:00:00,6,Retrasado
79853,137877,2032-02-11 04:00:00,133,Retrasado
79871,371060,2032-02-11 22:00:00,108,Entregado
79973,416767,2032-02-16 04:00:00,66,Entregado
80070,335959,2032-02-20 05:00:00,6,En tránsito
80160,289412,2032-02-23 23:00:00,133,En tránsito
80179,212126,2032-02-24 18:00:00,108,En tránsito
80378,459696,2032-03-04 01:00:00,108,En tránsito
80475,490481,2032-03-08 02:00:00,66,Cancelado
80477,154429,2032-03-08 04:00:00,108,En tránsito
80491,63996,2032-03-08 18:00:00,6,Cancelado
80521,410137,2032-03-10 00:00:00,133,Entregado
80522,193698,2032-03-10 01:00:00,66,En tránsito
80556,64208,2032-03-11 11:00:00,108,Entregado
80581,269058,2032-03-12 12:00:00,108,Entregado
80622,207133,2032-03-14 05:00:00,66,En tránsito
80624,210164,2032-03-14 07:00:00,133,Cancelado
80696,106304,2032-03-17 07:00:00,6,En tránsito
80697,480966,2032-03-17 08:00:00,133,Retrasado
80704,425345,2032-03-17 15:00:00,66,En tránsito
80762,168161,2032-03-20 01:00:00,6,Cancelado
80814,49731,2032-03-22 05:00:00,6,Retrasado
80824,312744,2032-03-22 15:00:00,133,Entregado
80995,490985,2032-03-29 18:00:00,108,Retrasado
81025,257378,2032-03-31 00:00:00,133,En tránsito
81056,498654,2032-04-01 07:00:00,108,En tránsito
81101,36286,2032-04-03 04:00:00,133,Entregado
81159,250803,2032-04-05 14:00:00,133,Entregado
81172,359484,2032-04-06 03:00:00,133,En tránsito
81231,413726,2032-04-08 14:00:00,133,Retrasado
81302,359697,2032-04-11 13:00:00,108,Entregado
81378,434540,2032-04-14 17:00:00,133,En tránsito
81417,305105,2032-04-16 08:00:00,6,Cancelado
81441,73865,2032-04-17 08:00:00,6,Entregado
81471,192842,2032-04-18 14:00:00,66,Retrasado
81581,20729,2032-04-23 04:00:00,6,En tránsito
81594,480606,2032-04-23 17:00:00,108,Cancelado
81657,384675,2032-04-26 08:00:00,66,Cancelado
81676,460663,2032-04-27 03:00:00,108,Entregado
81678,364639,2032-04-27 05:00:00,108,Retrasado
81687,347313,2032-04-27 14:00:00,133,Entregado
81808,266907,2032-05-02 15:00:00,6,Entregado
81844,272287,2032-05-04 03:00:00,108,En tránsito
81905,380714,2032-05-06 16:00:00,108,En tránsito
81943,389544,2032-05-08 06:00:00,6,Cancelado
81956,403557,2032-05-08 19:00:00,66,Retrasado
82116,391052,2032-05-15 11:00:00,108,Retrasado
82127,387732,2032-05-15 22:00:00,6,Entregado
82139,52188,2032-05-16 10:00:00,133,Retrasado
82170,50394,2032-05-17 17:00:00,133,En tránsito
82194,366903,2032-05-18 17:00:00,108,Entregado
82239,339110,2032-05-20 14:00:00,6,Cancelado
82360,162800,2032-05-25 15:00:00,6,En tránsito
82472,453277,2032-05-30 07:00:00,6,Entregado
82626,81343,2032-06-05 17:00:00,6,En tránsito
82651,196395,2032-06-06 18:00:00,133,Entregado
82699,139598,2032-06-08 18:00:00,66,En tránsito
82725,238308,2032-06-09 20:00:00,133,Cancelado
82794,102220,2032-06-12 17:00:00,66,Retrasado
82889,146540,2032-06-16 16:00:00,108,Cancelado
82963,35351,2032-06-19 18:00:00,66,Cancelado
82977,231367,2032-06-20 08:00:00,108,Retrasado
83011,274056,2032-06-21 18:00:00,6,Retrasado
83075,199391,2032-06-24 10:00:00,108,Entregado
83087,250323,2032-06-24 22:00:00,108,Cancelado
83117,41964,2032-06-26 04:00:00,66,Entregado
83121,97855,2032-06-26 08:00:00,108,En tránsito
83263,217424,2032-07-02 06:00:00,133,Retrasado
83346,69481,2032-07-05 17:00:00,6,Retrasado
83455,188132,2032-07-10 06:00:00,108,Cancelado
83495,430553,2032-07-11 22:00:00,108,En tránsito
83504,277531,2032-07-12 07:00:00,66,En tránsito
83515,370115,2032-07-12 18:00:00,108,Entregado
83525,23537,2032-07-13 04:00:00,66,Retrasado
83592,27442,2032-07-15 23:00:00,66,Cancelado
83605,245211,2032-07-16 12:00:00,133,Entregado
83635,345206,2032-07-17 18:00:00,66,En tránsito
83656,140388,2032-07-18 15:00:00,6,Entregado
83660,474885,2032-07-18 19:00:00,66,Cancelado
83799,4792,2032-07-24 14:00:00,6,En tránsito
83810,29548,2032-07-25 01:00:00,6,Cancelado
83815,46186,2032-07-25 06:00:00,6,Retrasado
83847,403593,2032-07-26 14:00:00,66,Cancelado
83873,268947,2032-07-27 16:00:00,133,Entregado
83903,469873,2032-07-28 22:00:00,6,Entregado
83925,92298,2032-07-29 20:00:00,66,Cancelado
83944,370805,2032-07-30 15:00:00,108,Retrasado
84001,75716,2032-08-02 00:00:00,6,En tránsito
84179,304747,2032-08-09 10:00:00,108,Entregado
84217,490898,2032-08-11 00:00:00,133,En tránsito
84237,65630,2032-08-11 20:00:00,133,Entregado
84295,450863,2032-08-14 06:00:00,66,Entregado
84334,124989,2032-08-15 21:00:00,133,Entregado
84521,214980,2032-08-23 16:00:00,133,En tránsito
84546,354487,2032-08-24 17:00:00,66,En tránsito
84590,345342,2032-08-26 13:00:00,6,Cancelado
84606,385973,2032-08-27 05:00:00,133,En tránsito
84670,118937,2032-08-29 21:00:00,66,En tránsito
84747,100937,2032-09-02 02:00:00,108,En tránsito
84800,446699,2032-09-04 07:00:00,6,Entregado
84881,108753,2032-09-07 16:00:00,133,Cancelado
85044,77455,2032-09-14 11:00:00,108,En tránsito
85091,334374,2032-09-16 10:00:00,66,Entregado
85239,326220,2032-09-22 14:00:00,133,Entregado
85249,157523,2032-09-23 00:00:00,108,Cancelado
85264,64619,2032-09-23 15:00:00,108,Cancelado
85268,24328,2032-09-23 19:00:00,108,Cancelado
85413,470381,2032-09-29 20:00:00,6,Cancelado
85464,419519,2032-10-01 23:00:00,133,Cancelado
85519,339799,2032-10-04 06:00:00,108,En tránsito
85530,49326,2032-10-04 17:00:00,6,En tránsito
85632,82045,2032-10-08 23:00:00,6,Retrasado
85635,211609,2032-10-09 02:00:00,108,Entregado
85637,483969,2032-10-09 04:00:00,108,Retrasado
85697,238042,2032-10-11 16:00:00,66,Entregado
85770,451119,2032-10-14 17:00:00,108,Cancelado
85800,29939,2032-10-15 23:00:00,66,Retrasado
85817,233365,2032-10-16 16:00:00,6,Retrasado
85878,192539,2032-10-19 05:00:00,6,Cancelado
85910,69273,2032-10-20 13:00:00,108,Cancelado
85936,386851,2032-10-21 15:00:00,6,Entregado
85943,319528,2032-10-21 22:00:00,6,Entregado
85963,101153,2032-10-22 18:00:00,108,Entregado
86087,429356,2032-10-27 22:00:00,133,Cancelado
86196,106463,2032-11-01 11:00:00,66,En tránsito
86229,369075,2032-11-02 20:00:00,66,Cancelado
86234,109046,2032-11-03 01:00:00,108,Entregado
86249,445972,2032-11-03 16:00:00,108,Cancelado
86301,358808,2032-11-05 20:00:00,133,Entregado
86341,89071,2032-11-07 12:00:00,6,Retrasado
86345,88548,2032-11-07 16:00:00,6,En tránsito
86366,406760,2032-11-08 13:00:00,66,En tránsito
86383,143292,2032-11-09 06:00:00,6,Cancelado
86444,248796,2032-11-11 19:00:00,6,Entregado
86545,490132,2032-11-16 00:00:00,66,Entregado
86653,168811,2032-11-20 12:00:00,6,En tránsito
86692,240313,2032-11-22 03:00:00,66,En tránsito
86778,42094,2032-11-25 17:00:00,133,Cancelado
86840,329378,2032-11-28 07:00:00,133,Retrasado
86886,304487,2032-11-30 05:00:00,108,Entregado
86941,6049,2032-12-02 12:00:00,66,Retrasado
86956,43122,2032-12-03 03:00:00,133,Retrasado
86965,94233,2032-12-03 12:00:00,108,Retrasado
87083,377969,2032-12-08 10:00:00,66,En tránsito
87140,342258,2032-12-10 19:00:00,133,Retrasado
87155,498241,2032-12-11 10:00:00,66,En tránsito
87380,239490,2032-12-20 19:00:00,133,En tránsito
87383,217768,2032-12-20 22:00:00,133,Cancelado
87454,169145,2032-12-23 21:00:00,133,Cancelado
87489,257201,2032-12-25 08:00:00,6,En tránsito
87573,181311,2032-12-28 20:00:00,6,Entregado
87619,315809,2032-12-30 18:00:00,66,Retrasado
87665,8473,2033-01-01 16:00:00,108,En tránsito
87672,207812,2033-01-01 23:00:00,133,Entregado
87674,35009,2033-01-02 01:00:00,66,En tránsito
87707,436766,2033-01-03 10:00:00,133,Cancelado
87821,107284,2033-01-08 04:00:00,6,Cancelado
87825,240746,2033-01-08 08:00:00,6,En tránsito
87831,6829,2033-01-08 14:00:00,6,En tránsito
87833,59365,2033-01-08 16:00:00,108,En tránsito
87912,218193,2033-01-11 23:00:00,133,Entregado
87929,66399,2033-01-12 16:00:00,108,Cancelado
87934,236386,2033-01-12 21:00:00,108,Cancelado
88065,179012,2033-01-18 08:00:00,133,Entregado
88092,12111,2033-01-19 11:00:00,66,Retrasado
88115,200344,2033-01-20 10:00:00,108,En tránsito
88123,499553,2033-01-20 18:00:00,133,Cancelado
88128,247313,2033-01-20 23:00:00,108,Retrasado
88145,356915,2033-01-21 16:00:00,6,En tránsito
88200,301252,2033-01-23 23:00:00,108,En tránsito
88251,418192,2033-01-26 02:00:00,6,En tránsito
88283,157007,2033-01-27 10:00:00,66,Entregado
88426,8530,2033-02-02 09:00:00,66,Retrasado
88475,326726,2033-02-04 10:00:00,108,En tránsito
88480,248655,2033-02-04 15:00:00,6,Retrasado
88576,449935,2033-02-08 15:00:00,108,Entregado
88645,90196,2033-02-11 12:00:00,133,Cancelado
88681,316846,2033-02-13 00:00:00,108,Cancelado
88740,437916,2033-02-15 11:00:00,6,Retrasado
88777,156799,2033-02-17 00:00:00,66,Cancelado
89005,206760,2033-02-26 12:00:00,66,En tránsito
89018,445127,2033-02-27 01:00:00,6,En tránsito
89078,277697,2033-03-01 13:00:00,108,Cancelado
89101,326340,2033-03-02 12:00:00,66,En tránsito
89104,292885,2033-03-02 15:00:00,66,Retrasado
89359,250345,2033-03-13 06:00:00,66,Cancelado
89472,242461,2033-03-17 23:00:00,66,En tránsito
89478,5626,2033-03-18 05:00:00,6,Retrasado
89575,179036,2033-03-22 06:00:00,133,Cancelado
89708,388033,2033-03-27 19:00:00,133,Entregado
89711,449004,2033-03-27 22:00:00,133,Entregado
89809,288236,2033-04-01 00:00:00,108,En tránsito
89838,373798,2033-04-02 05:00:00,108,En tránsito
89872,345670,2033-04-03 15:00:00,108,Cancelado
89916,341896,2033-04-05 11:00:00,133,Entregado
90047,251687,2033-04-10 22:00:00,6,En tránsito
90069,391914,2033-04-11 20:00:00,6,Retrasado
90307,169220,2033-04-21 18:00:00,108,En tránsito
90353,210372,2033-04-23 16:00:00,133,En tránsito
90444,216926,2033-04-27 11:00:00,66,Entregado
90456,367667,2033-04-27 23:00:00,6,Retrasado
90462,65753,2033-04-28 05:00:00,133,Entregado
90474,450843,2033-04-28 17:00:00,66,Entregado
90650,471466,2033-05-06 01:00:00,66,Entregado
90876,484215,2033-05-15 11:00:00,66,Retrasado
90882,36873,2033-05-15 17:00:00,108,Entregado
90883,376808,2033-05-15 18:00:00,108,Cancelado
90917,335607,2033-05-17 04:00:00,66,En tránsito
90951,313616,2033-05-18 14:00:00,6,Entregado
90956,314767,2033-05-18 19:00:00,6,Cancelado
90981,61080,2033-05-19 20:00:00,66,Cancelado
91107,221703,2033-05-25 02:00:00,133,Entregado
91116,462686,2033-05-25 11:00:00,6,Cancelado
91122,194038,2033-05-25 17:00:00,133,Cancelado
91183,127292,2033-05-28 06:00:00,6,Cancelado
91204,45127,2033-05-29 03:00:00,6,Entregado
91226,93468,2033-05-30 01:00:00,133,En tránsito
91261,324610,2033-05-31 12:00:00,133,Cancelado
91270,464133,2033-05-31 21:00:00,133,Cancelado
91332,238757,2033-06-03 11:00:00,108,Retrasado
91402,362170,2033-06-06 09:00:00,66,En tránsito
91420,39132,2033-06-07 03:00:00,66,Retrasado
91422,24470,2033-06-07 05:00:00,108,En tránsito
91437,12028,2033-06-07 20:00:00,108,En tránsito
91517,246381,2033-06-11 04:00:00,133,Entregado
91537,319797,2033-06-12 00:00:00,6,Retrasado
91557,418120,2033-06-12 20:00:00,66,Entregado
91596,433370,2033-06-14 11:00:00,66,Cancelado
91751,424528,2033-06-20 22:00:00,133,Retrasado
91776,279735,2033-06-21 23:00:00,133,Retrasado
91884,315292,2033-06-26 11:00:00,108,Cancelado
91945,228421,2033-06-29 00:00:00,108,Cancelado
92046,343668,2033-07-03 05:00:00,66,En tránsito
92057,142361,2033-07-03 16:00:00,66,Entregado
92085,456450,2033-07-04 20:00:00,133,En tránsito
92158,311525,2033-07-07 21:00:00,6,Retrasado
92160,261382,2033-07-07 23:00:00,133,Entregado
92163,410179,2033-07-08 02:00:00,66,Entregado
92177,95181,2033-07-08 16:00:00,6,Entregado
92391,112888,2033-07-17 14:00:00,66,Retrasado
92425,38307,2033-07-19 00:00:00,133,Cancelado
92454,177018,2033-07-20 05:00:00,108,Cancelado
92594,303022,2033-07-26 01:00:00,6,En tránsito
92688,118404,2033-07-29 23:00:00,108,Cancelado
92789,191818,2033-08-03 04:00:00,108,Entregado
92846,212735,2033-08-05 13:00:00,66,En tránsito
92906,379907,2033-08-08 01:00:00,66,Retrasado
92950,287783,2033-08-09 21:00:00,108,Cancelado
93164,474146,2033-08-18 19:00:00,108,Entregado
93354,366839,2033-08-26 17:00:00,66,Entregado
93355,277589,2033-08-26 18:00:00,6,Cancelado
93567,442130,2033-09-04 14:00:00,108,En tránsito
93763,23627,2033-09-12 18:00:00,108,Cancelado
93896,281892,2033-09-18 07:00:00,108,Retrasado
93942,162819,2033-09-20 05:00:00,108,Cancelado
94014,490249,2033-09-23 05:00:00,133,En tránsito
94015,316405,2033-09-23 06:00:00,133,Retrasado
94286,145388,2033-10-04 13:00:00,6,Cancelado
94292,358873,2033-10-04 19:00:00,66,Entregado
94348,165360,2033-10-07 03:00:00,6,En tránsito
94461,105944,2033-10-11 20:00:00,133,Retrasado
94468,178243,2033-10-12 03:00:00,66,Entregado
94502,197022,2033-10-13 13:00:00,133,En tránsito
94634,138930,2033-10-19 01:00:00,108,Entregado
94744,400514,2033-10-23 15:00:00,66,Cancelado
94810,258824,2033-10-26 09:00:00,133,Cancelado
94899,79164,2033-10-30 02:00:00,6,Retrasado
94990,313816,2033-11-02 21:00:00,66,Cancelado
95055,261136,2033-11-05 14:00:00,108,Entregado
95092,137752,2033-11-07 03:00:00,108,Retrasado
95110,284711,2033-11-07 21:00:00,133,Cancelado
95127,172226,2033-11-08 14:00:00,6,En tránsito
95392,465638,2033-11-19 15:00:00,66,Entregado
95559,370535,2033-11-26 14:00:00,108,Entregado
95687,195995,2033-12-01 22:00:00,6,En tránsito
95719,245183,2033-12-03 06:00:00,108,Cancelado
95720,323543,2033-12-03 07:00:00,66,Entregado
95898,243051,2033-12-10 17:00:00,6,En tránsito
95951,70636,2033-12-12 22:00:00,133,Retrasado
96036,293703,2033-12-16 11:00:00,6,Entregado
96047,304440,2033-12-16 22:00:00,66,En tránsito
96067,229043,2033-12-17 18:00:00,66,Entregado
96088,261669,2033-12-18 15:00:00,66,En tránsito
96127,497091,2033-12-20 06:00:00,6,En tránsito
96205,464973,2033-12-23 12:00:00,6,Retrasado
96209,223874,2033-12-23 16:00:00,108,Entregado
96230,87456,2033-12-24 13:00:00,6,Retrasado
96347,218298,2033-12-29 10:00:00,6,En tránsito
96412,140909,2034-01-01 03:00:00,108,Entregado
96452,420837,2034-01-02 19:00:00,66,Retrasado
96560,478062,2034-01-07 07:00:00,133,Entregado
96714,99534,2034-01-13 17:00:00,108,Retrasado
96773,370376,2034-01-16 04:00:00,66,Retrasado
96853,421687,2034-01-19 12:00:00,108,Entregado
96862,241940,2034-01-19 21:00:00,108,Retrasado
97009,347233,2034-01-26 00:00:00,133,Entregado
97038,344444,2034-01-27 05:00:00,66,Cancelado
97046,465157,2034-01-27 13:00:00,108,Entregado
97108,352262,2034-01-30 03:00:00,108,Entregado
97173,368099,2034-02-01 20:00:00,108,Cancelado
97224,142021,2034-02-03 23:00:00,6,Retrasado
97326,447420,2034-02-08 05:00:00,66,Cancelado
97459,305764,2034-02-13 18:00:00,66,Entregado
97530,228338,2034-02-16 17:00:00,133,Entregado
97548,38495,2034-02-17 11:00:00,6,Entregado
97792,159699,2034-02-27 15:00:00,108,Retrasado
97835,169409,2034-03-01 10:00:00,6,Cancelado
97898,257936,2034-03-04 01:00:00,66,Entregado
97965,95361,2034-03-06 20:00:00,108,En tránsito
98196,141576,2034-03-16 11:00:00,133,Cancelado
98391,279393,2034-03-24 14:00:00,133,En tránsito
98415,231786,2034-03-25 14:00:00,108,Retrasado
98471,40916,2034-03-27 22:00:00,6,Cancelado
98476,324100,2034-03-28 03:00:00,108,Entregado
98869,270631,2034-04-13 12:00:00,108,Entregado
98916,271565,2034-04-15 11:00:00,6,Cancelado
98933,68387,2034-04-16 04:00:00,66,Retrasado
98957,480199,2034-04-17 04:00:00,6,Retrasado
99034,38792,2034-04-20 09:00:00,133,Retrasado
99047,496086,2034-04-20 22:00:00,108,Cancelado
99057,314243,2034-04-21 08:00:00,6,Entregado
99187,243982,2034-04-26 18:00:00,108,Entregado
99238,350948,2034-04-28 21:00:00,66,Cancelado
99276,420333,2034-04-30 11:00:00,133,Retrasado
99282,319036,2034-04-30 17:00:00,6,Cancelado
99367,113337,2034-05-04 06:00:00,133,En tránsito
99417,131493,2034-05-06 08:00:00,6,En tránsito
99459,326402,2034-05-08 02:00:00,6,Entregado
99498,217535,2034-05-09 17:00:00,6,En tránsito
99549,232243,2034-05-11 20:00:00,133,Cancelado
99576,491889,2034-05-12 23:00:00,108,Retrasado
99660,429055,2034-05-16 11:00:00,108,Cancelado
99775,190054,2034-05-21 06:00:00,66,En tránsito
99783,496914,2034-05-21 14:00:00,133,Cancelado
99819,287734,2034-05-23 02:00:00,108,Entregado
99830,122086,2034-05-23 13:00:00,6,Retrasado
99895,200979,2034-05-26 06:00:00,133,Entregado
99939,81285,2034-05-28 02:00:00,108,Entregado
99969,258215,2034-05-29 08:00:00,66,En tránsito
99979,146253,2034-05-29 18:00:00,108,Entregado
